Id,OwnerId,IsDeleted,Name,CreatedDate,CreatedById,LastModifiedDate,LastModifiedById,SystemModstamp,LastViewedDate,LastReferencedDate,Days_Ago__c,Energy_Used__c,Office__c,Reading_Date__c
a000R0000030IuWQAU,0050R000004W5kqQAC,,000025,2020-03-15T22:12:28.000+0000,0050R000004W5kqQAC,2020-03-15T22:12:28.000+0000,0050R000004W5kqQAC,2020-03-15T22:12:28.000+0000,,,6,311,a010R00000858yFQAQ,2020-03-09
a000R0000030IuXQAU,0050R000004W5kqQAC,,000026,2020-03-15T22:12:28.000+0000,0050R000004W5kqQAC,2020-03-15T22:12:28.000+0000,0050R000004W5kqQAC,2020-03-15T22:12:28.000+0000,,,5,307,a010R00000858yFQAQ,2020-03-10
a000R0000030IuYQAU,0050R000004W5kqQAC,,000027,2020-03-15T22:12:28.000+0000,0050R000004W5kqQAC,2020-03-15T22:12:28.000+0000,0050R000004W5kqQAC,2020-03-15T22:12:28.000+0000,,,4,311,a010R00000858yFQAQ,2020-03-11
a000R0000030IuZQAU,0050R000004W5kqQAC,,000028,2020-03-15T22:12:28.000+0000,0050R000004W5kqQAC,2020-03-15T22:12:28.000+0000,0050R000004W5kqQAC,2020-03-15T22:12:28.000+0000,,,3,366,a010R00000858yFQAQ,2020-03-12
a000R0000030IuaQAE,0050R000004W5kqQAC,,000029,2020-03-15T22:12:28.000+0000,0050R000004W5kqQAC,2020-03-15T22:12:28.000+0000,0050R000004W5kqQAC,2020-03-15T22:12:28.000+0000,,,2,305,a010R00000858yFQAQ,2020-03-13
a000R0000030IubQAE,0050R000004W5kqQAC,,000030,2020-03-15T22:12:28.000+0000,0050R000004W5kqQAC,2020-03-15T22:12:28.000+0000,0050R000004W5kqQAC,2020-03-15T22:12:28.000+0000,,,1,383,a010R00000858yFQAQ,2020-03-14
a000R0000030IucQAE,0050R000004W5kqQAC,,000031,2020-03-15T22:12:28.000+0000,0050R000004W5kqQAC,2020-03-15T22:12:28.000+0000,0050R000004W5kqQAC,2020-03-15T22:12:28.000+0000,,,0,315,a010R00000858yFQAQ,2020-03-15
a000R0000030IudQAE,0050R000004W5kqQAC,,000032,2020-03-15T22:12:28.000+0000,0050R000004W5kqQAC,2020-03-15T22:12:28.000+0000,0050R000004W5kqQAC,2020-03-15T22:12:28.000+0000,,,15,372,a010R00000858yGQAQ,2020-02-29
a000R0000030IueQAE,0050R000004W5kqQAC,,000033,2020-03-15T22:12:28.000+0000,0050R000004W5kqQAC,2020-03-15T22:12:28.000+0000,0050R000004W5kqQAC,2020-03-15T22:12:28.000+0000,,,14,382,a010R00000858yGQAQ,2020-03-01
a000R0000030IufQAE,0050R000004W5kqQAC,,000034,2020-03-15T22:12:28.000+0000,0050R000004W5kqQAC,2020-03-15T22:12:28.000+0000,0050R000004W5kqQAC,2020-03-15T22:12:28.000+0000,,,13,331,a010R00000858yGQAQ,2020-03-02
a000R0000030IugQAE,0050R000004W5kqQAC,,000035,2020-03-15T22:12:28.000+0000,0050R000004W5kqQAC,2020-03-15T22:12:28.000+0000,0050R000004W5kqQAC,2020-03-15T22:12:28.000+0000,,,12,344,a010R00000858yGQAQ,2020-03-03
a000R0000030IuhQAE,0050R000004W5kqQAC,,000036,2020-03-15T22:12:28.000+0000,0050R000004W5kqQAC,2020-03-15T22:12:28.000+0000,0050R000004W5kqQAC,2020-03-15T22:12:28.000+0000,,,11,372,a010R00000858yGQAQ,2020-03-04
a000R0000030IuiQAE,0050R000004W5kqQAC,,000037,2020-03-15T22:12:28.000+0000,0050R000004W5kqQAC,2020-03-15T22:12:28.000+0000,0050R000004W5kqQAC,2020-03-15T22:12:28.000+0000,,,10,395,a010R00000858yGQAQ,2020-03-05
a000R0000030IujQAE,0050R000004W5kqQAC,,000038,2020-03-15T22:12:28.000+0000,0050R000004W5kqQAC,2020-03-15T22:12:28.000+0000,0050R000004W5kqQAC,2020-03-15T22:12:28.000+0000,,,9,358,a010R00000858yGQAQ,2020-03-06
a000R0000030IukQAE,0050R000004W5kqQAC,,000039,2020-03-15T22:12:28.000+0000,0050R000004W5kqQAC,2020-03-15T22:12:28.000+0000,0050R000004W5kqQAC,2020-03-15T22:12:28.000+0000,,,8,362,a010R00000858yGQAQ,2020-03-07
a000R0000030IulQAE,0050R000004W5kqQAC,,000040,2020-03-15T22:12:28.000+0000,0050R000004W5kqQAC,2020-03-15T22:12:28.000+0000,0050R000004W5kqQAC,2020-03-15T22:12:28.000+0000,,,7,327,a010R00000858yGQAQ,2020-03-08
a000R0000030IumQAE,0050R000004W5kqQAC,,000041,2020-03-15T22:12:28.000+0000,0050R000004W5kqQAC,2020-03-15T22:12:28.000+0000,0050R000004W5kqQAC,2020-03-15T22:12:28.000+0000,,,6,328,a010R00000858yGQAQ,2020-03-09
a000R0000030IunQAE,0050R000004W5kqQAC,,000042,2020-03-15T22:12:28.000+0000,0050R000004W5kqQAC,2020-03-15T22:12:28.000+0000,0050R000004W5kqQAC,2020-03-15T22:12:28.000+0000,,,5,345,a010R00000858yGQAQ,2020-03-10
a000R0000030IuoQAE,0050R000004W5kqQAC,,000043,2020-03-15T22:12:28.000+0000,0050R000004W5kqQAC,2020-03-15T22:12:28.000+0000,0050R000004W5kqQAC,2020-03-15T22:12:28.000+0000,,,4,309,a010R00000858yGQAQ,2020-03-11
a000R0000030IupQAE,0050R000004W5kqQAC,,000044,2020-03-15T22:12:28.000+0000,0050R000004W5kqQAC,2020-03-15T22:12:28.000+0000,0050R000004W5kqQAC,2020-03-15T22:12:28.000+0000,,,3,369,a010R00000858yGQAQ,2020-03-12
a000R0000030IuqQAE,0050R000004W5kqQAC,,000045,2020-03-15T22:12:28.000+0000,0050R000004W5kqQAC,2020-03-15T22:12:28.000+0000,0050R000004W5kqQAC,2020-03-15T22:12:28.000+0000,,,2,313,a010R00000858yGQAQ,2020-03-13
a000R0000030J0AQAU,0050R000004W5kqQAC,,000375,2020-03-15T22:12:29.000+0000,0050R000004W5kqQAC,2020-03-15T22:12:29.000+0000,0050R000004W5kqQAC,2020-03-15T22:12:29.000+0000,,,8,361,a010R00000858ybQAA,2020-03-07
a000R0000030J0BQAU,0050R000004W5kqQAC,,000376,2020-03-15T22:12:29.000+0000,0050R000004W5kqQAC,2020-03-15T22:12:29.000+0000,0050R000004W5kqQAC,2020-03-15T22:12:29.000+0000,,,7,361,a010R00000858ybQAA,2020-03-08
a000R0000030J0CQAU,0050R000004W5kqQAC,,000377,2020-03-15T22:12:29.000+0000,0050R000004W5kqQAC,2020-03-15T22:12:29.000+0000,0050R000004W5kqQAC,2020-03-15T22:12:29.000+0000,,,6,383,a010R00000858ybQAA,2020-03-09
a000R0000030J0DQAU,0050R000004W5kqQAC,,000378,2020-03-15T22:12:29.000+0000,0050R000004W5kqQAC,2020-03-15T22:12:29.000+0000,0050R000004W5kqQAC,2020-03-15T22:12:29.000+0000,,,5,311,a010R00000858ybQAA,2020-03-10
a000R0000030J0EQAU,0050R000004W5kqQAC,,000379,2020-03-15T22:12:29.000+0000,0050R000004W5kqQAC,2020-03-15T22:12:29.000+0000,0050R000004W5kqQAC,2020-03-15T22:12:29.000+0000,,,4,368,a010R00000858ybQAA,2020-03-11
a000R0000030J0FQAU,0050R000004W5kqQAC,,000380,2020-03-15T22:12:29.000+0000,0050R000004W5kqQAC,2020-03-15T22:12:29.000+0000,0050R000004W5kqQAC,2020-03-15T22:12:29.000+0000,,,3,392,a010R00000858ybQAA,2020-03-12
a000R0000030J0GQAU,0050R000004W5kqQAC,,000381,2020-03-15T22:12:29.000+0000,0050R000004W5kqQAC,2020-03-15T22:12:29.000+0000,0050R000004W5kqQAC,2020-03-15T22:12:29.000+0000,,,2,375,a010R00000858ybQAA,2020-03-13
a000R0000030J0HQAU,0050R000004W5kqQAC,,000382,2020-03-15T22:12:29.000+0000,0050R000004W5kqQAC,2020-03-15T22:12:29.000+0000,0050R000004W5kqQAC,2020-03-15T22:12:29.000+0000,,,1,354,a010R00000858ybQAA,2020-03-14
a000R0000030J0IQAU,0050R000004W5kqQAC,,000383,2020-03-15T22:12:29.000+0000,0050R000004W5kqQAC,2020-03-15T22:12:29.000+0000,0050R000004W5kqQAC,2020-03-15T22:12:29.000+0000,,,0,361,a010R00000858ybQAA,2020-03-15
a000R0000030IurQAE,0050R000004W5kqQAC,,000046,2020-03-15T22:12:28.000+0000,0050R000004W5kqQAC,2020-03-15T22:12:28.000+0000,0050R000004W5kqQAC,2020-03-15T22:12:28.000+0000,,,1,355,a010R00000858yGQAQ,2020-03-14
a000R0000030IusQAE,0050R000004W5kqQAC,,000047,2020-03-15T22:12:28.000+0000,0050R000004W5kqQAC,2020-03-15T22:12:28.000+0000,0050R000004W5kqQAC,2020-03-15T22:12:28.000+0000,,,0,340,a010R00000858yGQAQ,2020-03-15
a000R0000030IutQAE,0050R000004W5kqQAC,,000048,2020-03-15T22:12:28.000+0000,0050R000004W5kqQAC,2020-03-15T22:12:28.000+0000,0050R000004W5kqQAC,2020-03-15T22:12:28.000+0000,,,15,390,a010R00000858yHQAQ,2020-02-29
a000R0000030IuuQAE,0050R000004W5kqQAC,,000049,2020-03-15T22:12:28.000+0000,0050R000004W5kqQAC,2020-03-15T22:12:28.000+0000,0050R000004W5kqQAC,2020-03-15T22:12:28.000+0000,,,14,363,a010R00000858yHQAQ,2020-03-01
a000R0000030IuvQAE,0050R000004W5kqQAC,,000050,2020-03-15T22:12:28.000+0000,0050R000004W5kqQAC,2020-03-15T22:12:28.000+0000,0050R000004W5kqQAC,2020-03-15T22:12:28.000+0000,,,13,371,a010R00000858yHQAQ,2020-03-02
a000R0000030IuwQAE,0050R000004W5kqQAC,,000051,2020-03-15T22:12:28.000+0000,0050R000004W5kqQAC,2020-03-15T22:12:28.000+0000,0050R000004W5kqQAC,2020-03-15T22:12:28.000+0000,,,12,355,a010R00000858yHQAQ,2020-03-03
a000R0000030IuxQAE,0050R000004W5kqQAC,,000052,2020-03-15T22:12:28.000+0000,0050R000004W5kqQAC,2020-03-15T22:12:28.000+0000,0050R000004W5kqQAC,2020-03-15T22:12:28.000+0000,,,11,330,a010R00000858yHQAQ,2020-03-04
a000R0000030IuyQAE,0050R000004W5kqQAC,,000053,2020-03-15T22:12:28.000+0000,0050R000004W5kqQAC,2020-03-15T22:12:28.000+0000,0050R000004W5kqQAC,2020-03-15T22:12:28.000+0000,,,10,358,a010R00000858yHQAQ,2020-03-05
a000R0000030IuzQAE,0050R000004W5kqQAC,,000054,2020-03-15T22:12:28.000+0000,0050R000004W5kqQAC,2020-03-15T22:12:28.000+0000,0050R000004W5kqQAC,2020-03-15T22:12:28.000+0000,,,9,353,a010R00000858yHQAQ,2020-03-06
a000R0000030Iv0QAE,0050R000004W5kqQAC,,000055,2020-03-15T22:12:28.000+0000,0050R000004W5kqQAC,2020-03-15T22:12:28.000+0000,0050R000004W5kqQAC,2020-03-15T22:12:28.000+0000,,,8,374,a010R00000858yHQAQ,2020-03-07
a000R0000030Iv1QAE,0050R000004W5kqQAC,,000056,2020-03-15T22:12:28.000+0000,0050R000004W5kqQAC,2020-03-15T22:12:28.000+0000,0050R000004W5kqQAC,2020-03-15T22:12:28.000+0000,,,7,386,a010R00000858yHQAQ,2020-03-08
a000R0000030Iv2QAE,0050R000004W5kqQAC,,000057,2020-03-15T22:12:28.000+0000,0050R000004W5kqQAC,2020-03-15T22:12:28.000+0000,0050R000004W5kqQAC,2020-03-15T22:12:28.000+0000,,,6,382,a010R00000858yHQAQ,2020-03-09
a000R0000030Iv3QAE,0050R000004W5kqQAC,,000058,2020-03-15T22:12:28.000+0000,0050R000004W5kqQAC,2020-03-15T22:12:28.000+0000,0050R000004W5kqQAC,2020-03-15T22:12:28.000+0000,,,5,356,a010R00000858yHQAQ,2020-03-10
a000R0000030Iv4QAE,0050R000004W5kqQAC,,000059,2020-03-15T22:12:28.000+0000,0050R000004W5kqQAC,2020-03-15T22:12:28.000+0000,0050R000004W5kqQAC,2020-03-15T22:12:28.000+0000,,,4,373,a010R00000858yHQAQ,2020-03-11
a000R0000030Iv5QAE,0050R000004W5kqQAC,,000060,2020-03-15T22:12:28.000+0000,0050R000004W5kqQAC,2020-03-15T22:12:28.000+0000,0050R000004W5kqQAC,2020-03-15T22:12:28.000+0000,,,3,338,a010R00000858yHQAQ,2020-03-12
a000R0000030Iv6QAE,0050R000004W5kqQAC,,000061,2020-03-15T22:12:28.000+0000,0050R000004W5kqQAC,2020-03-15T22:12:28.000+0000,0050R000004W5kqQAC,2020-03-15T22:12:28.000+0000,,,2,370,a010R00000858yHQAQ,2020-03-13
a000R0000030Iv7QAE,0050R000004W5kqQAC,,000062,2020-03-15T22:12:28.000+0000,0050R000004W5kqQAC,2020-03-15T22:12:28.000+0000,0050R000004W5kqQAC,2020-03-15T22:12:28.000+0000,,,1,371,a010R00000858yHQAQ,2020-03-14
a000R0000030Iv8QAE,0050R000004W5kqQAC,,000063,2020-03-15T22:12:28.000+0000,0050R000004W5kqQAC,2020-03-15T22:12:28.000+0000,0050R000004W5kqQAC,2020-03-15T22:12:28.000+0000,,,0,394,a010R00000858yHQAQ,2020-03-15
a000R0000030Iv9QAE,0050R000004W5kqQAC,,000064,2020-03-15T22:12:28.000+0000,0050R000004W5kqQAC,2020-03-15T22:12:28.000+0000,0050R000004W5kqQAC,2020-03-15T22:12:28.000+0000,,,15,320,a010R00000858yIQAQ,2020-02-29
a000R0000030IvAQAU,0050R000004W5kqQAC,,000065,2020-03-15T22:12:28.000+0000,0050R000004W5kqQAC,2020-03-15T22:12:28.000+0000,0050R000004W5kqQAC,2020-03-15T22:12:28.000+0000,,,14,388,a010R00000858yIQAQ,2020-03-01
a000R0000030IvBQAU,0050R000004W5kqQAC,,000066,2020-03-15T22:12:28.000+0000,0050R000004W5kqQAC,2020-03-15T22:12:28.000+0000,0050R000004W5kqQAC,2020-03-15T22:12:28.000+0000,,,13,390,a010R00000858yIQAQ,2020-03-02
a000R0000030IvCQAU,0050R000004W5kqQAC,,000067,2020-03-15T22:12:28.000+0000,0050R000004W5kqQAC,2020-03-15T22:12:28.000+0000,0050R000004W5kqQAC,2020-03-15T22:12:28.000+0000,,,12,333,a010R00000858yIQAQ,2020-03-03
a000R0000030IvDQAU,0050R000004W5kqQAC,,000068,2020-03-15T22:12:28.000+0000,0050R000004W5kqQAC,2020-03-15T22:12:28.000+0000,0050R000004W5kqQAC,2020-03-15T22:12:28.000+0000,,,11,360,a010R00000858yIQAQ,2020-03-04
a000R0000030IvEQAU,0050R000004W5kqQAC,,000069,2020-03-15T22:12:28.000+0000,0050R000004W5kqQAC,2020-03-15T22:12:28.000+0000,0050R000004W5kqQAC,2020-03-15T22:12:28.000+0000,,,10,319,a010R00000858yIQAQ,2020-03-05
a000R0000030IvFQAU,0050R000004W5kqQAC,,000070,2020-03-15T22:12:28.000+0000,0050R000004W5kqQAC,2020-03-15T22:12:28.000+0000,0050R000004W5kqQAC,2020-03-15T22:12:28.000+0000,,,9,380,a010R00000858yIQAQ,2020-03-06
a000R0000030IvGQAU,0050R000004W5kqQAC,,000071,2020-03-15T22:12:28.000+0000,0050R000004W5kqQAC,2020-03-15T22:12:28.000+0000,0050R000004W5kqQAC,2020-03-15T22:12:28.000+0000,,,8,351,a010R00000858yIQAQ,2020-03-07
a000R0000030IvHQAU,0050R000004W5kqQAC,,000072,2020-03-15T22:12:28.000+0000,0050R000004W5kqQAC,2020-03-15T22:12:28.000+0000,0050R000004W5kqQAC,2020-03-15T22:12:28.000+0000,,,7,375,a010R00000858yIQAQ,2020-03-08
a000R0000030IvIQAU,0050R000004W5kqQAC,,000073,2020-03-15T22:12:28.000+0000,0050R000004W5kqQAC,2020-03-15T22:12:28.000+0000,0050R000004W5kqQAC,2020-03-15T22:12:28.000+0000,,,6,367,a010R00000858yIQAQ,2020-03-09
a000R0000030IvJQAU,0050R000004W5kqQAC,,000074,2020-03-15T22:12:28.000+0000,0050R000004W5kqQAC,2020-03-15T22:12:28.000+0000,0050R000004W5kqQAC,2020-03-15T22:12:28.000+0000,,,5,347,a010R00000858yIQAQ,2020-03-10
a000R0000030IvKQAU,0050R000004W5kqQAC,,000075,2020-03-15T22:12:28.000+0000,0050R000004W5kqQAC,2020-03-15T22:12:28.000+0000,0050R000004W5kqQAC,2020-03-15T22:12:28.000+0000,,,4,364,a010R00000858yIQAQ,2020-03-11
a000R0000030IvLQAU,0050R000004W5kqQAC,,000076,2020-03-15T22:12:28.000+0000,0050R000004W5kqQAC,2020-03-15T22:12:28.000+0000,0050R000004W5kqQAC,2020-03-15T22:12:28.000+0000,,,3,366,a010R00000858yIQAQ,2020-03-12
a000R0000030IvMQAU,0050R000004W5kqQAC,,000077,2020-03-15T22:12:28.000+0000,0050R000004W5kqQAC,2020-03-15T22:12:28.000+0000,0050R000004W5kqQAC,2020-03-15T22:12:28.000+0000,,,2,380,a010R00000858yIQAQ,2020-03-13
a000R0000030IvNQAU,0050R000004W5kqQAC,,000078,2020-03-15T22:12:28.000+0000,0050R000004W5kqQAC,2020-03-15T22:12:28.000+0000,0050R000004W5kqQAC,2020-03-15T22:12:28.000+0000,,,1,322,a010R00000858yIQAQ,2020-03-14
a000R0000030IvOQAU,0050R000004W5kqQAC,,000079,2020-03-15T22:12:28.000+0000,0050R000004W5kqQAC,2020-03-15T22:12:28.000+0000,0050R000004W5kqQAC,2020-03-15T22:12:28.000+0000,,,0,376,a010R00000858yIQAQ,2020-03-15
a000R0000030IvPQAU,0050R000004W5kqQAC,,000080,2020-03-15T22:12:28.000+0000,0050R000004W5kqQAC,2020-03-15T22:12:28.000+0000,0050R000004W5kqQAC,2020-03-15T22:12:28.000+0000,,,15,309,a010R00000858yJQAQ,2020-02-29
a000R0000030IvQQAU,0050R000004W5kqQAC,,000081,2020-03-15T22:12:28.000+0000,0050R000004W5kqQAC,2020-03-15T22:12:28.000+0000,0050R000004W5kqQAC,2020-03-15T22:12:28.000+0000,,,14,377,a010R00000858yJQAQ,2020-03-01
a000R0000030IvRQAU,0050R000004W5kqQAC,,000082,2020-03-15T22:12:28.000+0000,0050R000004W5kqQAC,2020-03-15T22:12:28.000+0000,0050R000004W5kqQAC,2020-03-15T22:12:28.000+0000,,,13,356,a010R00000858yJQAQ,2020-03-02
a000R0000030IvSQAU,0050R000004W5kqQAC,,000083,2020-03-15T22:12:28.000+0000,0050R000004W5kqQAC,2020-03-15T22:12:28.000+0000,0050R000004W5kqQAC,2020-03-15T22:12:28.000+0000,,,12,341,a010R00000858yJQAQ,2020-03-03
a000R0000030IvTQAU,0050R000004W5kqQAC,,000084,2020-03-15T22:12:28.000+0000,0050R000004W5kqQAC,2020-03-15T22:12:28.000+0000,0050R000004W5kqQAC,2020-03-15T22:12:28.000+0000,,,11,342,a010R00000858yJQAQ,2020-03-04
a000R0000030IvUQAU,0050R000004W5kqQAC,,000085,2020-03-15T22:12:28.000+0000,0050R000004W5kqQAC,2020-03-15T22:12:28.000+0000,0050R000004W5kqQAC,2020-03-15T22:12:28.000+0000,,,10,317,a010R00000858yJQAQ,2020-03-05
a000R0000030IvVQAU,0050R000004W5kqQAC,,000086,2020-03-15T22:12:28.000+0000,0050R000004W5kqQAC,2020-03-15T22:12:28.000+0000,0050R000004W5kqQAC,2020-03-15T22:12:28.000+0000,,,9,340,a010R00000858yJQAQ,2020-03-06
a000R0000030IvWQAU,0050R000004W5kqQAC,,000087,2020-03-15T22:12:28.000+0000,0050R000004W5kqQAC,2020-03-15T22:12:28.000+0000,0050R000004W5kqQAC,2020-03-15T22:12:28.000+0000,,,8,353,a010R00000858yJQAQ,2020-03-07
a000R0000030IvXQAU,0050R000004W5kqQAC,,000088,2020-03-15T22:12:28.000+0000,0050R000004W5kqQAC,2020-03-15T22:12:28.000+0000,0050R000004W5kqQAC,2020-03-15T22:12:28.000+0000,,,7,374,a010R00000858yJQAQ,2020-03-08
a000R0000030IvYQAU,0050R000004W5kqQAC,,000089,2020-03-15T22:12:28.000+0000,0050R000004W5kqQAC,2020-03-15T22:12:28.000+0000,0050R000004W5kqQAC,2020-03-15T22:12:28.000+0000,,,6,351,a010R00000858yJQAQ,2020-03-09
a000R0000030IvZQAU,0050R000004W5kqQAC,,000090,2020-03-15T22:12:28.000+0000,0050R000004W5kqQAC,2020-03-15T22:12:28.000+0000,0050R000004W5kqQAC,2020-03-15T22:12:28.000+0000,,,5,379,a010R00000858yJQAQ,2020-03-10
a000R0000030IvaQAE,0050R000004W5kqQAC,,000091,2020-03-15T22:12:28.000+0000,0050R000004W5kqQAC,2020-03-15T22:12:28.000+0000,0050R000004W5kqQAC,2020-03-15T22:12:28.000+0000,,,4,335,a010R00000858yJQAQ,2020-03-11
a000R0000030IvbQAE,0050R000004W5kqQAC,,000092,2020-03-15T22:12:28.000+0000,0050R000004W5kqQAC,2020-03-15T22:12:28.000+0000,0050R000004W5kqQAC,2020-03-15T22:12:28.000+0000,,,3,342,a010R00000858yJQAQ,2020-03-12
a000R0000030IvcQAE,0050R000004W5kqQAC,,000093,2020-03-15T22:12:28.000+0000,0050R000004W5kqQAC,2020-03-15T22:12:28.000+0000,0050R000004W5kqQAC,2020-03-15T22:12:28.000+0000,,,2,359,a010R00000858yJQAQ,2020-03-13
a000R0000030IvdQAE,0050R000004W5kqQAC,,000094,2020-03-15T22:12:28.000+0000,0050R000004W5kqQAC,2020-03-15T22:12:28.000+0000,0050R000004W5kqQAC,2020-03-15T22:12:28.000+0000,,,1,400,a010R00000858yJQAQ,2020-03-14
a000R0000030IveQAE,0050R000004W5kqQAC,,000095,2020-03-15T22:12:28.000+0000,0050R000004W5kqQAC,2020-03-15T22:12:28.000+0000,0050R000004W5kqQAC,2020-03-15T22:12:28.000+0000,,,0,313,a010R00000858yJQAQ,2020-03-15
a000R0000030IvfQAE,0050R000004W5kqQAC,,000096,2020-03-15T22:12:28.000+0000,0050R000004W5kqQAC,2020-03-15T22:12:28.000+0000,0050R000004W5kqQAC,2020-03-15T22:12:28.000+0000,,,15,369,a010R00000858yKQAQ,2020-02-29
a000R0000030IvgQAE,0050R000004W5kqQAC,,000097,2020-03-15T22:12:28.000+0000,0050R000004W5kqQAC,2020-03-15T22:12:28.000+0000,0050R000004W5kqQAC,2020-03-15T22:12:28.000+0000,,,14,308,a010R00000858yKQAQ,2020-03-01
a000R0000030IvhQAE,0050R000004W5kqQAC,,000098,2020-03-15T22:12:28.000+0000,0050R000004W5kqQAC,2020-03-15T22:12:28.000+0000,0050R000004W5kqQAC,2020-03-15T22:12:28.000+0000,,,13,386,a010R00000858yKQAQ,2020-03-02
a000R0000030IviQAE,0050R000004W5kqQAC,,000099,2020-03-15T22:12:28.000+0000,0050R000004W5kqQAC,2020-03-15T22:12:28.000+0000,0050R000004W5kqQAC,2020-03-15T22:12:28.000+0000,,,12,310,a010R00000858yKQAQ,2020-03-03
a000R0000030IvjQAE,0050R000004W5kqQAC,,000100,2020-03-15T22:12:28.000+0000,0050R000004W5kqQAC,2020-03-15T22:12:28.000+0000,0050R000004W5kqQAC,2020-03-15T22:12:28.000+0000,,,11,341,a010R00000858yKQAQ,2020-03-04
a000R0000030IvkQAE,0050R000004W5kqQAC,,000101,2020-03-15T22:12:28.000+0000,0050R000004W5kqQAC,2020-03-15T22:12:28.000+0000,0050R000004W5kqQAC,2020-03-15T22:12:28.000+0000,,,10,312,a010R00000858yKQAQ,2020-03-05
a000R0000030IvlQAE,0050R000004W5kqQAC,,000102,2020-03-15T22:12:28.000+0000,0050R000004W5kqQAC,2020-03-15T22:12:28.000+0000,0050R000004W5kqQAC,2020-03-15T22:12:28.000+0000,,,9,351,a010R00000858yKQAQ,2020-03-06
a000R0000030IvmQAE,0050R000004W5kqQAC,,000103,2020-03-15T22:12:28.000+0000,0050R000004W5kqQAC,2020-03-15T22:12:28.000+0000,0050R000004W5kqQAC,2020-03-15T22:12:28.000+0000,,,8,318,a010R00000858yKQAQ,2020-03-07
a000R0000030IvnQAE,0050R000004W5kqQAC,,000104,2020-03-15T22:12:28.000+0000,0050R000004W5kqQAC,2020-03-15T22:12:28.000+0000,0050R000004W5kqQAC,2020-03-15T22:12:28.000+0000,,,7,361,a010R00000858yKQAQ,2020-03-08
a000R0000030IvoQAE,0050R000004W5kqQAC,,000105,2020-03-15T22:12:28.000+0000,0050R000004W5kqQAC,2020-03-15T22:12:28.000+0000,0050R000004W5kqQAC,2020-03-15T22:12:28.000+0000,,,6,389,a010R00000858yKQAQ,2020-03-09
a000R0000030IvpQAE,0050R000004W5kqQAC,,000106,2020-03-15T22:12:28.000+0000,0050R000004W5kqQAC,2020-03-15T22:12:28.000+0000,0050R000004W5kqQAC,2020-03-15T22:12:28.000+0000,,,5,372,a010R00000858yKQAQ,2020-03-10
a000R0000030IvqQAE,0050R000004W5kqQAC,,000107,2020-03-15T22:12:28.000+0000,0050R000004W5kqQAC,2020-03-15T22:12:28.000+0000,0050R000004W5kqQAC,2020-03-15T22:12:28.000+0000,,,4,384,a010R00000858yKQAQ,2020-03-11
a000R0000030IvrQAE,0050R000004W5kqQAC,,000108,2020-03-15T22:12:28.000+0000,0050R000004W5kqQAC,2020-03-15T22:12:28.000+0000,0050R000004W5kqQAC,2020-03-15T22:12:28.000+0000,,,3,313,a010R00000858yKQAQ,2020-03-12
a000R0000030IvsQAE,0050R000004W5kqQAC,,000109,2020-03-15T22:12:28.000+0000,0050R000004W5kqQAC,2020-03-15T22:12:28.000+0000,0050R000004W5kqQAC,2020-03-15T22:12:28.000+0000,,,2,390,a010R00000858yKQAQ,2020-03-13
a000R0000030IvtQAE,0050R000004W5kqQAC,,000110,2020-03-15T22:12:28.000+0000,0050R000004W5kqQAC,2020-03-15T22:12:28.000+0000,0050R000004W5kqQAC,2020-03-15T22:12:28.000+0000,,,1,305,a010R00000858yKQAQ,2020-03-14
a000R0000030IvuQAE,0050R000004W5kqQAC,,000111,2020-03-15T22:12:28.000+0000,0050R000004W5kqQAC,2020-03-15T22:12:28.000+0000,0050R000004W5kqQAC,2020-03-15T22:12:28.000+0000,,,0,372,a010R00000858yKQAQ,2020-03-15
a000R0000030IvvQAE,0050R000004W5kqQAC,,000112,2020-03-15T22:12:28.000+0000,0050R000004W5kqQAC,2020-03-15T22:12:28.000+0000,0050R000004W5kqQAC,2020-03-15T22:12:28.000+0000,,,15,357,a010R00000858yLQAQ,2020-02-29
a000R0000030IvwQAE,0050R000004W5kqQAC,,000113,2020-03-15T22:12:28.000+0000,0050R000004W5kqQAC,2020-03-15T22:12:28.000+0000,0050R000004W5kqQAC,2020-03-15T22:12:28.000+0000,,,14,309,a010R00000858yLQAQ,2020-03-01
a000R0000030IvxQAE,0050R000004W5kqQAC,,000114,2020-03-15T22:12:28.000+0000,0050R000004W5kqQAC,2020-03-15T22:12:28.000+0000,0050R000004W5kqQAC,2020-03-15T22:12:28.000+0000,,,13,389,a010R00000858yLQAQ,2020-03-02
a000R0000030IvyQAE,0050R000004W5kqQAC,,000115,2020-03-15T22:12:28.000+0000,0050R000004W5kqQAC,2020-03-15T22:12:28.000+0000,0050R000004W5kqQAC,2020-03-15T22:12:28.000+0000,,,12,345,a010R00000858yLQAQ,2020-03-03
a000R0000030IvzQAE,0050R000004W5kqQAC,,000116,2020-03-15T22:12:28.000+0000,0050R000004W5kqQAC,2020-03-15T22:12:28.000+0000,0050R000004W5kqQAC,2020-03-15T22:12:28.000+0000,,,11,358,a010R00000858yLQAQ,2020-03-04
a000R0000030Iw0QAE,0050R000004W5kqQAC,,000117,2020-03-15T22:12:28.000+0000,0050R000004W5kqQAC,2020-03-15T22:12:28.000+0000,0050R000004W5kqQAC,2020-03-15T22:12:28.000+0000,,,10,346,a010R00000858yLQAQ,2020-03-05
a000R0000030Iw1QAE,0050R000004W5kqQAC,,000118,2020-03-15T22:12:28.000+0000,0050R000004W5kqQAC,2020-03-15T22:12:28.000+0000,0050R000004W5kqQAC,2020-03-15T22:12:28.000+0000,,,9,362,a010R00000858yLQAQ,2020-03-06
a000R0000030Iw2QAE,0050R000004W5kqQAC,,000119,2020-03-15T22:12:28.000+0000,0050R000004W5kqQAC,2020-03-15T22:12:28.000+0000,0050R000004W5kqQAC,2020-03-15T22:12:28.000+0000,,,8,351,a010R00000858yLQAQ,2020-03-07
a000R0000030Iw3QAE,0050R000004W5kqQAC,,000120,2020-03-15T22:12:28.000+0000,0050R000004W5kqQAC,2020-03-15T22:12:28.000+0000,0050R000004W5kqQAC,2020-03-15T22:12:28.000+0000,,,7,304,a010R00000858yLQAQ,2020-03-08
a000R0000030Iw4QAE,0050R000004W5kqQAC,,000121,2020-03-15T22:12:28.000+0000,0050R000004W5kqQAC,2020-03-15T22:12:28.000+0000,0050R000004W5kqQAC,2020-03-15T22:12:28.000+0000,,,6,392,a010R00000858yLQAQ,2020-03-09
a000R0000030Iw5QAE,0050R000004W5kqQAC,,000122,2020-03-15T22:12:28.000+0000,0050R000004W5kqQAC,2020-03-15T22:12:28.000+0000,0050R000004W5kqQAC,2020-03-15T22:12:28.000+0000,,,5,351,a010R00000858yLQAQ,2020-03-10
a000R0000030Iw6QAE,0050R000004W5kqQAC,,000123,2020-03-15T22:12:28.000+0000,0050R000004W5kqQAC,2020-03-15T22:12:28.000+0000,0050R000004W5kqQAC,2020-03-15T22:12:28.000+0000,,,4,360,a010R00000858yLQAQ,2020-03-11
a000R0000030Iw7QAE,0050R000004W5kqQAC,,000124,2020-03-15T22:12:28.000+0000,0050R000004W5kqQAC,2020-03-15T22:12:28.000+0000,0050R000004W5kqQAC,2020-03-15T22:12:28.000+0000,,,3,373,a010R00000858yLQAQ,2020-03-12
a000R0000030Iw8QAE,0050R000004W5kqQAC,,000125,2020-03-15T22:12:28.000+0000,0050R000004W5kqQAC,2020-03-15T22:12:28.000+0000,0050R000004W5kqQAC,2020-03-15T22:12:28.000+0000,,,2,347,a010R00000858yLQAQ,2020-03-13
a000R0000030Iw9QAE,0050R000004W5kqQAC,,000126,2020-03-15T22:12:28.000+0000,0050R000004W5kqQAC,2020-03-15T22:12:28.000+0000,0050R000004W5kqQAC,2020-03-15T22:12:28.000+0000,,,1,391,a010R00000858yLQAQ,2020-03-14
a000R0000030IwAQAU,0050R000004W5kqQAC,,000127,2020-03-15T22:12:28.000+0000,0050R000004W5kqQAC,2020-03-15T22:12:28.000+0000,0050R000004W5kqQAC,2020-03-15T22:12:28.000+0000,,,0,332,a010R00000858yLQAQ,2020-03-15
a000R0000030IwBQAU,0050R000004W5kqQAC,,000128,2020-03-15T22:12:28.000+0000,0050R000004W5kqQAC,2020-03-15T22:12:28.000+0000,0050R000004W5kqQAC,2020-03-15T22:12:28.000+0000,,,15,348,a010R00000858yMQAQ,2020-02-29
a000R0000030IwCQAU,0050R000004W5kqQAC,,000129,2020-03-15T22:12:28.000+0000,0050R000004W5kqQAC,2020-03-15T22:12:28.000+0000,0050R000004W5kqQAC,2020-03-15T22:12:28.000+0000,,,14,395,a010R00000858yMQAQ,2020-03-01
a000R0000030IwDQAU,0050R000004W5kqQAC,,000130,2020-03-15T22:12:28.000+0000,0050R000004W5kqQAC,2020-03-15T22:12:28.000+0000,0050R000004W5kqQAC,2020-03-15T22:12:28.000+0000,,,13,392,a010R00000858yMQAQ,2020-03-02
a000R0000030IwEQAU,0050R000004W5kqQAC,,000131,2020-03-15T22:12:28.000+0000,0050R000004W5kqQAC,2020-03-15T22:12:28.000+0000,0050R000004W5kqQAC,2020-03-15T22:12:28.000+0000,,,12,340,a010R00000858yMQAQ,2020-03-03
a000R0000030IwFQAU,0050R000004W5kqQAC,,000132,2020-03-15T22:12:28.000+0000,0050R000004W5kqQAC,2020-03-15T22:12:28.000+0000,0050R000004W5kqQAC,2020-03-15T22:12:28.000+0000,,,11,369,a010R00000858yMQAQ,2020-03-04
a000R0000030IwGQAU,0050R000004W5kqQAC,,000133,2020-03-15T22:12:28.000+0000,0050R000004W5kqQAC,2020-03-15T22:12:28.000+0000,0050R000004W5kqQAC,2020-03-15T22:12:28.000+0000,,,10,302,a010R00000858yMQAQ,2020-03-05
a000R0000030IwHQAU,0050R000004W5kqQAC,,000134,2020-03-15T22:12:28.000+0000,0050R000004W5kqQAC,2020-03-15T22:12:28.000+0000,0050R000004W5kqQAC,2020-03-15T22:12:28.000+0000,,,9,394,a010R00000858yMQAQ,2020-03-06
a000R0000030IwIQAU,0050R000004W5kqQAC,,000135,2020-03-15T22:12:28.000+0000,0050R000004W5kqQAC,2020-03-15T22:12:28.000+0000,0050R000004W5kqQAC,2020-03-15T22:12:28.000+0000,,,8,386,a010R00000858yMQAQ,2020-03-07
a000R0000030IwJQAU,0050R000004W5kqQAC,,000136,2020-03-15T22:12:28.000+0000,0050R000004W5kqQAC,2020-03-15T22:12:28.000+0000,0050R000004W5kqQAC,2020-03-15T22:12:28.000+0000,,,7,310,a010R00000858yMQAQ,2020-03-08
a000R0000030IwKQAU,0050R000004W5kqQAC,,000137,2020-03-15T22:12:28.000+0000,0050R000004W5kqQAC,2020-03-15T22:12:28.000+0000,0050R000004W5kqQAC,2020-03-15T22:12:28.000+0000,,,6,367,a010R00000858yMQAQ,2020-03-09
a000R0000030IwLQAU,0050R000004W5kqQAC,,000138,2020-03-15T22:12:28.000+0000,0050R000004W5kqQAC,2020-03-15T22:12:28.000+0000,0050R000004W5kqQAC,2020-03-15T22:12:28.000+0000,,,5,311,a010R00000858yMQAQ,2020-03-10
a000R0000030IwMQAU,0050R000004W5kqQAC,,000139,2020-03-15T22:12:28.000+0000,0050R000004W5kqQAC,2020-03-15T22:12:28.000+0000,0050R000004W5kqQAC,2020-03-15T22:12:28.000+0000,,,4,325,a010R00000858yMQAQ,2020-03-11
a000R0000030IwNQAU,0050R000004W5kqQAC,,000140,2020-03-15T22:12:28.000+0000,0050R000004W5kqQAC,2020-03-15T22:12:28.000+0000,0050R000004W5kqQAC,2020-03-15T22:12:28.000+0000,,,3,371,a010R00000858yMQAQ,2020-03-12
a000R0000030IwOQAU,0050R000004W5kqQAC,,000141,2020-03-15T22:12:28.000+0000,0050R000004W5kqQAC,2020-03-15T22:12:28.000+0000,0050R000004W5kqQAC,2020-03-15T22:12:28.000+0000,,,2,312,a010R00000858yMQAQ,2020-03-13
a000R0000030IwPQAU,0050R000004W5kqQAC,,000142,2020-03-15T22:12:28.000+0000,0050R000004W5kqQAC,2020-03-15T22:12:28.000+0000,0050R000004W5kqQAC,2020-03-15T22:12:28.000+0000,,,1,346,a010R00000858yMQAQ,2020-03-14
a000R0000030IwQQAU,0050R000004W5kqQAC,,000143,2020-03-15T22:12:28.000+0000,0050R000004W5kqQAC,2020-03-15T22:12:28.000+0000,0050R000004W5kqQAC,2020-03-15T22:12:28.000+0000,,,0,357,a010R00000858yMQAQ,2020-03-15
a000R0000030IwRQAU,0050R000004W5kqQAC,,000144,2020-03-15T22:12:28.000+0000,0050R000004W5kqQAC,2020-03-15T22:12:28.000+0000,0050R000004W5kqQAC,2020-03-15T22:12:28.000+0000,,,15,362,a010R00000858yNQAQ,2020-02-29
a000R0000030IwSQAU,0050R000004W5kqQAC,,000145,2020-03-15T22:12:28.000+0000,0050R000004W5kqQAC,2020-03-15T22:12:28.000+0000,0050R000004W5kqQAC,2020-03-15T22:12:28.000+0000,,,14,357,a010R00000858yNQAQ,2020-03-01
a000R0000030IwTQAU,0050R000004W5kqQAC,,000146,2020-03-15T22:12:28.000+0000,0050R000004W5kqQAC,2020-03-15T22:12:28.000+0000,0050R000004W5kqQAC,2020-03-15T22:12:28.000+0000,,,13,393,a010R00000858yNQAQ,2020-03-02
a000R0000030IwUQAU,0050R000004W5kqQAC,,000147,2020-03-15T22:12:28.000+0000,0050R000004W5kqQAC,2020-03-15T22:12:28.000+0000,0050R000004W5kqQAC,2020-03-15T22:12:28.000+0000,,,12,400,a010R00000858yNQAQ,2020-03-03
a000R0000030IwVQAU,0050R000004W5kqQAC,,000148,2020-03-15T22:12:28.000+0000,0050R000004W5kqQAC,2020-03-15T22:12:28.000+0000,0050R000004W5kqQAC,2020-03-15T22:12:28.000+0000,,,11,320,a010R00000858yNQAQ,2020-03-04
a000R0000030IwWQAU,0050R000004W5kqQAC,,000149,2020-03-15T22:12:28.000+0000,0050R000004W5kqQAC,2020-03-15T22:12:28.000+0000,0050R000004W5kqQAC,2020-03-15T22:12:28.000+0000,,,10,312,a010R00000858yNQAQ,2020-03-05
a000R0000030IwXQAU,0050R000004W5kqQAC,,000150,2020-03-15T22:12:28.000+0000,0050R000004W5kqQAC,2020-03-15T22:12:28.000+0000,0050R000004W5kqQAC,2020-03-15T22:12:28.000+0000,,,9,304,a010R00000858yNQAQ,2020-03-06
a000R0000030IwYQAU,0050R000004W5kqQAC,,000151,2020-03-15T22:12:28.000+0000,0050R000004W5kqQAC,2020-03-15T22:12:28.000+0000,0050R000004W5kqQAC,2020-03-15T22:12:28.000+0000,,,8,375,a010R00000858yNQAQ,2020-03-07
a000R0000030IwZQAU,0050R000004W5kqQAC,,000152,2020-03-15T22:12:28.000+0000,0050R000004W5kqQAC,2020-03-15T22:12:28.000+0000,0050R000004W5kqQAC,2020-03-15T22:12:28.000+0000,,,7,373,a010R00000858yNQAQ,2020-03-08
a000R0000030IwaQAE,0050R000004W5kqQAC,,000153,2020-03-15T22:12:28.000+0000,0050R000004W5kqQAC,2020-03-15T22:12:28.000+0000,0050R000004W5kqQAC,2020-03-15T22:12:28.000+0000,,,6,375,a010R00000858yNQAQ,2020-03-09
a000R0000030IwbQAE,0050R000004W5kqQAC,,000154,2020-03-15T22:12:28.000+0000,0050R000004W5kqQAC,2020-03-15T22:12:28.000+0000,0050R000004W5kqQAC,2020-03-15T22:12:28.000+0000,,,5,348,a010R00000858yNQAQ,2020-03-10
a000R0000030IwcQAE,0050R000004W5kqQAC,,000155,2020-03-15T22:12:28.000+0000,0050R000004W5kqQAC,2020-03-15T22:12:28.000+0000,0050R000004W5kqQAC,2020-03-15T22:12:28.000+0000,,,4,353,a010R00000858yNQAQ,2020-03-11
a000R0000030IwdQAE,0050R000004W5kqQAC,,000156,2020-03-15T22:12:28.000+0000,0050R000004W5kqQAC,2020-03-15T22:12:28.000+0000,0050R000004W5kqQAC,2020-03-15T22:12:28.000+0000,,,3,334,a010R00000858yNQAQ,2020-03-12
a000R0000030IweQAE,0050R000004W5kqQAC,,000157,2020-03-15T22:12:28.000+0000,0050R000004W5kqQAC,2020-03-15T22:12:28.000+0000,0050R000004W5kqQAC,2020-03-15T22:12:28.000+0000,,,2,363,a010R00000858yNQAQ,2020-03-13
a000R0000030IwfQAE,0050R000004W5kqQAC,,000158,2020-03-15T22:12:28.000+0000,0050R000004W5kqQAC,2020-03-15T22:12:28.000+0000,0050R000004W5kqQAC,2020-03-15T22:12:28.000+0000,,,1,301,a010R00000858yNQAQ,2020-03-14
a000R0000030IwgQAE,0050R000004W5kqQAC,,000159,2020-03-15T22:12:28.000+0000,0050R000004W5kqQAC,2020-03-15T22:12:28.000+0000,0050R000004W5kqQAC,2020-03-15T22:12:28.000+0000,,,0,345,a010R00000858yNQAQ,2020-03-15
a000R0000030IwhQAE,0050R000004W5kqQAC,,000160,2020-03-15T22:12:28.000+0000,0050R000004W5kqQAC,2020-03-15T22:12:28.000+0000,0050R000004W5kqQAC,2020-03-15T22:12:28.000+0000,,,15,397,a010R00000858yOQAQ,2020-02-29
a000R0000030IwiQAE,0050R000004W5kqQAC,,000161,2020-03-15T22:12:28.000+0000,0050R000004W5kqQAC,2020-03-15T22:12:28.000+0000,0050R000004W5kqQAC,2020-03-15T22:12:28.000+0000,,,14,371,a010R00000858yOQAQ,2020-03-01
a000R0000030IwjQAE,0050R000004W5kqQAC,,000162,2020-03-15T22:12:28.000+0000,0050R000004W5kqQAC,2020-03-15T22:12:28.000+0000,0050R000004W5kqQAC,2020-03-15T22:12:28.000+0000,,,13,358,a010R00000858yOQAQ,2020-03-02
a000R0000030IwkQAE,0050R000004W5kqQAC,,000163,2020-03-15T22:12:28.000+0000,0050R000004W5kqQAC,2020-03-15T22:12:28.000+0000,0050R000004W5kqQAC,2020-03-15T22:12:28.000+0000,,,12,340,a010R00000858yOQAQ,2020-03-03
a000R0000030IwlQAE,0050R000004W5kqQAC,,000164,2020-03-15T22:12:28.000+0000,0050R000004W5kqQAC,2020-03-15T22:12:28.000+0000,0050R000004W5kqQAC,2020-03-15T22:12:28.000+0000,,,11,364,a010R00000858yOQAQ,2020-03-04
a000R0000030IwmQAE,0050R000004W5kqQAC,,000165,2020-03-15T22:12:28.000+0000,0050R000004W5kqQAC,2020-03-15T22:12:28.000+0000,0050R000004W5kqQAC,2020-03-15T22:12:28.000+0000,,,10,357,a010R00000858yOQAQ,2020-03-05
a000R0000030IwnQAE,0050R000004W5kqQAC,,000166,2020-03-15T22:12:28.000+0000,0050R000004W5kqQAC,2020-03-15T22:12:28.000+0000,0050R000004W5kqQAC,2020-03-15T22:12:28.000+0000,,,9,373,a010R00000858yOQAQ,2020-03-06
a000R0000030IwoQAE,0050R000004W5kqQAC,,000167,2020-03-15T22:12:28.000+0000,0050R000004W5kqQAC,2020-03-15T22:12:28.000+0000,0050R000004W5kqQAC,2020-03-15T22:12:28.000+0000,,,8,351,a010R00000858yOQAQ,2020-03-07
a000R0000030IwpQAE,0050R000004W5kqQAC,,000168,2020-03-15T22:12:28.000+0000,0050R000004W5kqQAC,2020-03-15T22:12:28.000+0000,0050R000004W5kqQAC,2020-03-15T22:12:28.000+0000,,,7,342,a010R00000858yOQAQ,2020-03-08
a000R0000030IwqQAE,0050R000004W5kqQAC,,000169,2020-03-15T22:12:28.000+0000,0050R000004W5kqQAC,2020-03-15T22:12:28.000+0000,0050R000004W5kqQAC,2020-03-15T22:12:28.000+0000,,,6,384,a010R00000858yOQAQ,2020-03-09
a000R0000030IwrQAE,0050R000004W5kqQAC,,000170,2020-03-15T22:12:28.000+0000,0050R000004W5kqQAC,2020-03-15T22:12:28.000+0000,0050R000004W5kqQAC,2020-03-15T22:12:28.000+0000,,,5,361,a010R00000858yOQAQ,2020-03-10
a000R0000030IwsQAE,0050R000004W5kqQAC,,000171,2020-03-15T22:12:28.000+0000,0050R000004W5kqQAC,2020-03-15T22:12:28.000+0000,0050R000004W5kqQAC,2020-03-15T22:12:28.000+0000,,,4,312,a010R00000858yOQAQ,2020-03-11
a000R0000030IwtQAE,0050R000004W5kqQAC,,000172,2020-03-15T22:12:28.000+0000,0050R000004W5kqQAC,2020-03-15T22:12:28.000+0000,0050R000004W5kqQAC,2020-03-15T22:12:28.000+0000,,,3,364,a010R00000858yOQAQ,2020-03-12
a000R0000030IwuQAE,0050R000004W5kqQAC,,000173,2020-03-15T22:12:28.000+0000,0050R000004W5kqQAC,2020-03-15T22:12:28.000+0000,0050R000004W5kqQAC,2020-03-15T22:12:28.000+0000,,,2,348,a010R00000858yOQAQ,2020-03-13
a000R0000030IwvQAE,0050R000004W5kqQAC,,000174,2020-03-15T22:12:28.000+0000,0050R000004W5kqQAC,2020-03-15T22:12:28.000+0000,0050R000004W5kqQAC,2020-03-15T22:12:28.000+0000,,,1,341,a010R00000858yOQAQ,2020-03-14
a000R0000030IwwQAE,0050R000004W5kqQAC,,000175,2020-03-15T22:12:28.000+0000,0050R000004W5kqQAC,2020-03-15T22:12:28.000+0000,0050R000004W5kqQAC,2020-03-15T22:12:28.000+0000,,,0,336,a010R00000858yOQAQ,2020-03-15
a000R0000030IwxQAE,0050R000004W5kqQAC,,000176,2020-03-15T22:12:28.000+0000,0050R000004W5kqQAC,2020-03-15T22:12:28.000+0000,0050R000004W5kqQAC,2020-03-15T22:12:28.000+0000,,,15,329,a010R00000858yPQAQ,2020-02-29
a000R0000030IwyQAE,0050R000004W5kqQAC,,000177,2020-03-15T22:12:28.000+0000,0050R000004W5kqQAC,2020-03-15T22:12:28.000+0000,0050R000004W5kqQAC,2020-03-15T22:12:28.000+0000,,,14,359,a010R00000858yPQAQ,2020-03-01
a000R0000030IwzQAE,0050R000004W5kqQAC,,000178,2020-03-15T22:12:28.000+0000,0050R000004W5kqQAC,2020-03-15T22:12:28.000+0000,0050R000004W5kqQAC,2020-03-15T22:12:28.000+0000,,,13,342,a010R00000858yPQAQ,2020-03-02
a000R0000030Ix0QAE,0050R000004W5kqQAC,,000179,2020-03-15T22:12:28.000+0000,0050R000004W5kqQAC,2020-03-15T22:12:28.000+0000,0050R000004W5kqQAC,2020-03-15T22:12:28.000+0000,,,12,320,a010R00000858yPQAQ,2020-03-03
a000R0000030Ix1QAE,0050R000004W5kqQAC,,000180,2020-03-15T22:12:28.000+0000,0050R000004W5kqQAC,2020-03-15T22:12:28.000+0000,0050R000004W5kqQAC,2020-03-15T22:12:28.000+0000,,,11,373,a010R00000858yPQAQ,2020-03-04
a000R0000030Ix2QAE,0050R000004W5kqQAC,,000181,2020-03-15T22:12:28.000+0000,0050R000004W5kqQAC,2020-03-15T22:12:28.000+0000,0050R000004W5kqQAC,2020-03-15T22:12:28.000+0000,,,10,376,a010R00000858yPQAQ,2020-03-05
a000R0000030Ix3QAE,0050R000004W5kqQAC,,000182,2020-03-15T22:12:28.000+0000,0050R000004W5kqQAC,2020-03-15T22:12:28.000+0000,0050R000004W5kqQAC,2020-03-15T22:12:28.000+0000,,,9,341,a010R00000858yPQAQ,2020-03-06
a000R0000030Ix4QAE,0050R000004W5kqQAC,,000183,2020-03-15T22:12:28.000+0000,0050R000004W5kqQAC,2020-03-15T22:12:28.000+0000,0050R000004W5kqQAC,2020-03-15T22:12:28.000+0000,,,8,355,a010R00000858yPQAQ,2020-03-07
a000R0000030Ix5QAE,0050R000004W5kqQAC,,000184,2020-03-15T22:12:28.000+0000,0050R000004W5kqQAC,2020-03-15T22:12:28.000+0000,0050R000004W5kqQAC,2020-03-15T22:12:28.000+0000,,,7,324,a010R00000858yPQAQ,2020-03-08
a000R0000030Ix6QAE,0050R000004W5kqQAC,,000185,2020-03-15T22:12:28.000+0000,0050R000004W5kqQAC,2020-03-15T22:12:28.000+0000,0050R000004W5kqQAC,2020-03-15T22:12:28.000+0000,,,6,396,a010R00000858yPQAQ,2020-03-09
a000R0000030Ix7QAE,0050R000004W5kqQAC,,000186,2020-03-15T22:12:28.000+0000,0050R000004W5kqQAC,2020-03-15T22:12:28.000+0000,0050R000004W5kqQAC,2020-03-15T22:12:28.000+0000,,,5,318,a010R00000858yPQAQ,2020-03-10
a000R0000030Ix8QAE,0050R000004W5kqQAC,,000187,2020-03-15T22:12:28.000+0000,0050R000004W5kqQAC,2020-03-15T22:12:28.000+0000,0050R000004W5kqQAC,2020-03-15T22:12:28.000+0000,,,4,382,a010R00000858yPQAQ,2020-03-11
a000R0000030Ix9QAE,0050R000004W5kqQAC,,000188,2020-03-15T22:12:28.000+0000,0050R000004W5kqQAC,2020-03-15T22:12:28.000+0000,0050R000004W5kqQAC,2020-03-15T22:12:28.000+0000,,,3,370,a010R00000858yPQAQ,2020-03-12
a000R0000030IxAQAU,0050R000004W5kqQAC,,000189,2020-03-15T22:12:28.000+0000,0050R000004W5kqQAC,2020-03-15T22:12:28.000+0000,0050R000004W5kqQAC,2020-03-15T22:12:28.000+0000,,,2,368,a010R00000858yPQAQ,2020-03-13
a000R0000030IxBQAU,0050R000004W5kqQAC,,000190,2020-03-15T22:12:28.000+0000,0050R000004W5kqQAC,2020-03-15T22:12:28.000+0000,0050R000004W5kqQAC,2020-03-15T22:12:28.000+0000,,,1,330,a010R00000858yPQAQ,2020-03-14
a000R0000030IxCQAU,0050R000004W5kqQAC,,000191,2020-03-15T22:12:28.000+0000,0050R000004W5kqQAC,2020-03-15T22:12:28.000+0000,0050R000004W5kqQAC,2020-03-15T22:12:28.000+0000,,,0,349,a010R00000858yPQAQ,2020-03-15
a000R0000030IxDQAU,0050R000004W5kqQAC,,000192,2020-03-15T22:12:28.000+0000,0050R000004W5kqQAC,2020-03-15T22:12:28.000+0000,0050R000004W5kqQAC,2020-03-15T22:12:28.000+0000,,,15,302,a010R00000858yQQAQ,2020-02-29
a000R0000030IxEQAU,0050R000004W5kqQAC,,000193,2020-03-15T22:12:28.000+0000,0050R000004W5kqQAC,2020-03-15T22:12:28.000+0000,0050R000004W5kqQAC,2020-03-15T22:12:28.000+0000,,,14,329,a010R00000858yQQAQ,2020-03-01
a000R0000030IxFQAU,0050R000004W5kqQAC,,000194,2020-03-15T22:12:28.000+0000,0050R000004W5kqQAC,2020-03-15T22:12:28.000+0000,0050R000004W5kqQAC,2020-03-15T22:12:28.000+0000,,,13,300,a010R00000858yQQAQ,2020-03-02
a000R0000030IxGQAU,0050R000004W5kqQAC,,000195,2020-03-15T22:12:28.000+0000,0050R000004W5kqQAC,2020-03-15T22:12:28.000+0000,0050R000004W5kqQAC,2020-03-15T22:12:28.000+0000,,,12,356,a010R00000858yQQAQ,2020-03-03
a000R0000030IxHQAU,0050R000004W5kqQAC,,000196,2020-03-15T22:12:28.000+0000,0050R000004W5kqQAC,2020-03-15T22:12:28.000+0000,0050R000004W5kqQAC,2020-03-15T22:12:28.000+0000,,,11,349,a010R00000858yQQAQ,2020-03-04
a000R0000030IxIQAU,0050R000004W5kqQAC,,000197,2020-03-15T22:12:28.000+0000,0050R000004W5kqQAC,2020-03-15T22:12:28.000+0000,0050R000004W5kqQAC,2020-03-15T22:12:28.000+0000,,,10,379,a010R00000858yQQAQ,2020-03-05
a000R0000030IxJQAU,0050R000004W5kqQAC,,000198,2020-03-15T22:12:28.000+0000,0050R000004W5kqQAC,2020-03-15T22:12:28.000+0000,0050R000004W5kqQAC,2020-03-15T22:12:28.000+0000,,,9,397,a010R00000858yQQAQ,2020-03-06
a000R0000030IxKQAU,0050R000004W5kqQAC,,000199,2020-03-15T22:12:28.000+0000,0050R000004W5kqQAC,2020-03-15T22:12:28.000+0000,0050R000004W5kqQAC,2020-03-15T22:12:28.000+0000,,,8,370,a010R00000858yQQAQ,2020-03-07
a000R0000030IxLQAU,0050R000004W5kqQAC,,000200,2020-03-15T22:12:28.000+0000,0050R000004W5kqQAC,2020-03-15T22:12:28.000+0000,0050R000004W5kqQAC,2020-03-15T22:12:28.000+0000,,,7,383,a010R00000858yQQAQ,2020-03-08
a000R0000030IxMQAU,0050R000004W5kqQAC,,000201,2020-03-15T22:12:28.000+0000,0050R000004W5kqQAC,2020-03-15T22:12:28.000+0000,0050R000004W5kqQAC,2020-03-15T22:12:28.000+0000,,,6,369,a010R00000858yQQAQ,2020-03-09
a000R0000030IxNQAU,0050R000004W5kqQAC,,000202,2020-03-15T22:12:28.000+0000,0050R000004W5kqQAC,2020-03-15T22:12:28.000+0000,0050R000004W5kqQAC,2020-03-15T22:12:28.000+0000,,,5,320,a010R00000858yQQAQ,2020-03-10
a000R0000030IxOQAU,0050R000004W5kqQAC,,000203,2020-03-15T22:12:28.000+0000,0050R000004W5kqQAC,2020-03-15T22:12:28.000+0000,0050R000004W5kqQAC,2020-03-15T22:12:28.000+0000,,,4,316,a010R00000858yQQAQ,2020-03-11
a000R0000030IxPQAU,0050R000004W5kqQAC,,000204,2020-03-15T22:12:28.000+0000,0050R000004W5kqQAC,2020-03-15T22:12:28.000+0000,0050R000004W5kqQAC,2020-03-15T22:12:28.000+0000,,,3,305,a010R00000858yQQAQ,2020-03-12
a000R0000030IxQQAU,0050R000004W5kqQAC,,000205,2020-03-15T22:12:28.000+0000,0050R000004W5kqQAC,2020-03-15T22:12:28.000+0000,0050R000004W5kqQAC,2020-03-15T22:12:28.000+0000,,,2,308,a010R00000858yQQAQ,2020-03-13
a000R0000030IxRQAU,0050R000004W5kqQAC,,000206,2020-03-15T22:12:28.000+0000,0050R000004W5kqQAC,2020-03-15T22:12:28.000+0000,0050R000004W5kqQAC,2020-03-15T22:12:28.000+0000,,,1,398,a010R00000858yQQAQ,2020-03-14
a000R0000030IxSQAU,0050R000004W5kqQAC,,000207,2020-03-15T22:12:28.000+0000,0050R000004W5kqQAC,2020-03-15T22:12:28.000+0000,0050R000004W5kqQAC,2020-03-15T22:12:28.000+0000,,,0,394,a010R00000858yQQAQ,2020-03-15
a000R0000030IxTQAU,0050R000004W5kqQAC,,000208,2020-03-15T22:12:28.000+0000,0050R000004W5kqQAC,2020-03-15T22:12:28.000+0000,0050R000004W5kqQAC,2020-03-15T22:12:28.000+0000,,,15,362,a010R00000858yRQAQ,2020-02-29
a000R0000030IxUQAU,0050R000004W5kqQAC,,000209,2020-03-15T22:12:28.000+0000,0050R000004W5kqQAC,2020-03-15T22:12:28.000+0000,0050R000004W5kqQAC,2020-03-15T22:12:28.000+0000,,,14,392,a010R00000858yRQAQ,2020-03-01
a000R0000030IxVQAU,0050R000004W5kqQAC,,000210,2020-03-15T22:12:28.000+0000,0050R000004W5kqQAC,2020-03-15T22:12:28.000+0000,0050R000004W5kqQAC,2020-03-15T22:12:28.000+0000,,,13,317,a010R00000858yRQAQ,2020-03-02
a000R0000030IxWQAU,0050R000004W5kqQAC,,000211,2020-03-15T22:12:28.000+0000,0050R000004W5kqQAC,2020-03-15T22:12:28.000+0000,0050R000004W5kqQAC,2020-03-15T22:12:28.000+0000,,,12,335,a010R00000858yRQAQ,2020-03-03
a000R0000030IxXQAU,0050R000004W5kqQAC,,000212,2020-03-15T22:12:28.000+0000,0050R000004W5kqQAC,2020-03-15T22:12:28.000+0000,0050R000004W5kqQAC,2020-03-15T22:12:28.000+0000,,,11,366,a010R00000858yRQAQ,2020-03-04
a000R0000030IxYQAU,0050R000004W5kqQAC,,000213,2020-03-15T22:12:28.000+0000,0050R000004W5kqQAC,2020-03-15T22:12:28.000+0000,0050R000004W5kqQAC,2020-03-15T22:12:28.000+0000,,,10,309,a010R00000858yRQAQ,2020-03-05
a000R0000030IxZQAU,0050R000004W5kqQAC,,000214,2020-03-15T22:12:28.000+0000,0050R000004W5kqQAC,2020-03-15T22:12:28.000+0000,0050R000004W5kqQAC,2020-03-15T22:12:28.000+0000,,,9,311,a010R00000858yRQAQ,2020-03-06
a000R0000030IxaQAE,0050R000004W5kqQAC,,000215,2020-03-15T22:12:28.000+0000,0050R000004W5kqQAC,2020-03-15T22:12:28.000+0000,0050R000004W5kqQAC,2020-03-15T22:12:28.000+0000,,,8,330,a010R00000858yRQAQ,2020-03-07
a000R0000030IxbQAE,0050R000004W5kqQAC,,000216,2020-03-15T22:12:28.000+0000,0050R000004W5kqQAC,2020-03-15T22:12:28.000+0000,0050R000004W5kqQAC,2020-03-15T22:12:28.000+0000,,,7,384,a010R00000858yRQAQ,2020-03-08
a000R0000030IxcQAE,0050R000004W5kqQAC,,000217,2020-03-15T22:12:28.000+0000,0050R000004W5kqQAC,2020-03-15T22:12:28.000+0000,0050R000004W5kqQAC,2020-03-15T22:12:28.000+0000,,,6,391,a010R00000858yRQAQ,2020-03-09
a000R0000030IxdQAE,0050R000004W5kqQAC,,000218,2020-03-15T22:12:28.000+0000,0050R000004W5kqQAC,2020-03-15T22:12:28.000+0000,0050R000004W5kqQAC,2020-03-15T22:12:28.000+0000,,,5,366,a010R00000858yRQAQ,2020-03-10
a000R0000030IxeQAE,0050R000004W5kqQAC,,000219,2020-03-15T22:12:28.000+0000,0050R000004W5kqQAC,2020-03-15T22:12:28.000+0000,0050R000004W5kqQAC,2020-03-15T22:12:28.000+0000,,,4,380,a010R00000858yRQAQ,2020-03-11
a000R0000030IxfQAE,0050R000004W5kqQAC,,000220,2020-03-15T22:12:28.000+0000,0050R000004W5kqQAC,2020-03-15T22:12:28.000+0000,0050R000004W5kqQAC,2020-03-15T22:12:28.000+0000,,,3,362,a010R00000858yRQAQ,2020-03-12
a000R0000030IxgQAE,0050R000004W5kqQAC,,000221,2020-03-15T22:12:28.000+0000,0050R000004W5kqQAC,2020-03-15T22:12:28.000+0000,0050R000004W5kqQAC,2020-03-15T22:12:28.000+0000,,,2,308,a010R00000858yRQAQ,2020-03-13
a000R0000030IxhQAE,0050R000004W5kqQAC,,000222,2020-03-15T22:12:28.000+0000,0050R000004W5kqQAC,2020-03-15T22:12:28.000+0000,0050R000004W5kqQAC,2020-03-15T22:12:28.000+0000,,,1,384,a010R00000858yRQAQ,2020-03-14
a000R0000030IxiQAE,0050R000004W5kqQAC,,000223,2020-03-15T22:12:28.000+0000,0050R000004W5kqQAC,2020-03-15T22:12:28.000+0000,0050R000004W5kqQAC,2020-03-15T22:12:28.000+0000,,,0,347,a010R00000858yRQAQ,2020-03-15
a000R0000030IxjQAE,0050R000004W5kqQAC,,000224,2020-03-15T22:12:28.000+0000,0050R000004W5kqQAC,2020-03-15T22:12:28.000+0000,0050R000004W5kqQAC,2020-03-15T22:12:28.000+0000,,,15,326,a010R00000858ySQAQ,2020-02-29
a000R0000030IxkQAE,0050R000004W5kqQAC,,000225,2020-03-15T22:12:28.000+0000,0050R000004W5kqQAC,2020-03-15T22:12:28.000+0000,0050R000004W5kqQAC,2020-03-15T22:12:28.000+0000,,,14,325,a010R00000858ySQAQ,2020-03-01
a000R0000030IxlQAE,0050R000004W5kqQAC,,000226,2020-03-15T22:12:28.000+0000,0050R000004W5kqQAC,2020-03-15T22:12:28.000+0000,0050R000004W5kqQAC,2020-03-15T22:12:28.000+0000,,,13,343,a010R00000858ySQAQ,2020-03-02
a000R0000030IxmQAE,0050R000004W5kqQAC,,000227,2020-03-15T22:12:28.000+0000,0050R000004W5kqQAC,2020-03-15T22:12:28.000+0000,0050R000004W5kqQAC,2020-03-15T22:12:28.000+0000,,,12,303,a010R00000858ySQAQ,2020-03-03
a000R0000030IxnQAE,0050R000004W5kqQAC,,000228,2020-03-15T22:12:28.000+0000,0050R000004W5kqQAC,2020-03-15T22:12:28.000+0000,0050R000004W5kqQAC,2020-03-15T22:12:28.000+0000,,,11,324,a010R00000858ySQAQ,2020-03-04
a000R0000030IxoQAE,0050R000004W5kqQAC,,000229,2020-03-15T22:12:28.000+0000,0050R000004W5kqQAC,2020-03-15T22:12:28.000+0000,0050R000004W5kqQAC,2020-03-15T22:12:28.000+0000,,,10,388,a010R00000858ySQAQ,2020-03-05
a000R0000030IxpQAE,0050R000004W5kqQAC,,000230,2020-03-15T22:12:28.000+0000,0050R000004W5kqQAC,2020-03-15T22:12:28.000+0000,0050R000004W5kqQAC,2020-03-15T22:12:28.000+0000,,,9,323,a010R00000858ySQAQ,2020-03-06
a000R0000030IxqQAE,0050R000004W5kqQAC,,000231,2020-03-15T22:12:28.000+0000,0050R000004W5kqQAC,2020-03-15T22:12:28.000+0000,0050R000004W5kqQAC,2020-03-15T22:12:28.000+0000,,,8,374,a010R00000858ySQAQ,2020-03-07
a000R0000030IxrQAE,0050R000004W5kqQAC,,000232,2020-03-15T22:12:28.000+0000,0050R000004W5kqQAC,2020-03-15T22:12:28.000+0000,0050R000004W5kqQAC,2020-03-15T22:12:28.000+0000,,,7,392,a010R00000858ySQAQ,2020-03-08
a000R0000030IxsQAE,0050R000004W5kqQAC,,000233,2020-03-15T22:12:28.000+0000,0050R000004W5kqQAC,2020-03-15T22:12:28.000+0000,0050R000004W5kqQAC,2020-03-15T22:12:28.000+0000,,,6,318,a010R00000858ySQAQ,2020-03-09
a000R0000030IxtQAE,0050R000004W5kqQAC,,000234,2020-03-15T22:12:28.000+0000,0050R000004W5kqQAC,2020-03-15T22:12:28.000+0000,0050R000004W5kqQAC,2020-03-15T22:12:28.000+0000,,,5,327,a010R00000858ySQAQ,2020-03-10
a000R0000030IxuQAE,0050R000004W5kqQAC,,000235,2020-03-15T22:12:28.000+0000,0050R000004W5kqQAC,2020-03-15T22:12:28.000+0000,0050R000004W5kqQAC,2020-03-15T22:12:28.000+0000,,,4,362,a010R00000858ySQAQ,2020-03-11
a000R0000030IxvQAE,0050R000004W5kqQAC,,000236,2020-03-15T22:12:28.000+0000,0050R000004W5kqQAC,2020-03-15T22:12:28.000+0000,0050R000004W5kqQAC,2020-03-15T22:12:28.000+0000,,,3,397,a010R00000858ySQAQ,2020-03-12
a000R0000030IxwQAE,0050R000004W5kqQAC,,000237,2020-03-15T22:12:28.000+0000,0050R000004W5kqQAC,2020-03-15T22:12:28.000+0000,0050R000004W5kqQAC,2020-03-15T22:12:28.000+0000,,,2,335,a010R00000858ySQAQ,2020-03-13
a000R0000030IxxQAE,0050R000004W5kqQAC,,000238,2020-03-15T22:12:28.000+0000,0050R000004W5kqQAC,2020-03-15T22:12:28.000+0000,0050R000004W5kqQAC,2020-03-15T22:12:28.000+0000,,,1,344,a010R00000858ySQAQ,2020-03-14
a000R0000030IxyQAE,0050R000004W5kqQAC,,000239,2020-03-15T22:12:28.000+0000,0050R000004W5kqQAC,2020-03-15T22:12:28.000+0000,0050R000004W5kqQAC,2020-03-15T22:12:28.000+0000,,,0,306,a010R00000858ySQAQ,2020-03-15
a000R0000030IxzQAE,0050R000004W5kqQAC,,000240,2020-03-15T22:12:28.000+0000,0050R000004W5kqQAC,2020-03-15T22:12:28.000+0000,0050R000004W5kqQAC,2020-03-15T22:12:28.000+0000,,,15,337,a010R00000858yTQAQ,2020-02-29
a000R0000030Iy0QAE,0050R000004W5kqQAC,,000241,2020-03-15T22:12:28.000+0000,0050R000004W5kqQAC,2020-03-15T22:12:28.000+0000,0050R000004W5kqQAC,2020-03-15T22:12:28.000+0000,,,14,313,a010R00000858yTQAQ,2020-03-01
a000R0000030Iy1QAE,0050R000004W5kqQAC,,000242,2020-03-15T22:12:28.000+0000,0050R000004W5kqQAC,2020-03-15T22:12:28.000+0000,0050R000004W5kqQAC,2020-03-15T22:12:28.000+0000,,,13,351,a010R00000858yTQAQ,2020-03-02
a000R0000030Iy2QAE,0050R000004W5kqQAC,,000243,2020-03-15T22:12:28.000+0000,0050R000004W5kqQAC,2020-03-15T22:12:28.000+0000,0050R000004W5kqQAC,2020-03-15T22:12:28.000+0000,,,12,357,a010R00000858yTQAQ,2020-03-03
a000R0000030Iy3QAE,0050R000004W5kqQAC,,000244,2020-03-15T22:12:28.000+0000,0050R000004W5kqQAC,2020-03-15T22:12:28.000+0000,0050R000004W5kqQAC,2020-03-15T22:12:28.000+0000,,,11,308,a010R00000858yTQAQ,2020-03-04
a000R0000030Iy4QAE,0050R000004W5kqQAC,,000245,2020-03-15T22:12:28.000+0000,0050R000004W5kqQAC,2020-03-15T22:12:28.000+0000,0050R000004W5kqQAC,2020-03-15T22:12:28.000+0000,,,10,332,a010R00000858yTQAQ,2020-03-05
a000R0000030Iy5QAE,0050R000004W5kqQAC,,000246,2020-03-15T22:12:28.000+0000,0050R000004W5kqQAC,2020-03-15T22:12:28.000+0000,0050R000004W5kqQAC,2020-03-15T22:12:28.000+0000,,,9,378,a010R00000858yTQAQ,2020-03-06
a000R0000030Iy6QAE,0050R000004W5kqQAC,,000247,2020-03-15T22:12:28.000+0000,0050R000004W5kqQAC,2020-03-15T22:12:28.000+0000,0050R000004W5kqQAC,2020-03-15T22:12:28.000+0000,,,8,353,a010R00000858yTQAQ,2020-03-07
a000R0000030Iy7QAE,0050R000004W5kqQAC,,000248,2020-03-15T22:12:28.000+0000,0050R000004W5kqQAC,2020-03-15T22:12:28.000+0000,0050R000004W5kqQAC,2020-03-15T22:12:28.000+0000,,,7,362,a010R00000858yTQAQ,2020-03-08
a000R0000030Iy8QAE,0050R000004W5kqQAC,,000249,2020-03-15T22:12:28.000+0000,0050R000004W5kqQAC,2020-03-15T22:12:28.000+0000,0050R000004W5kqQAC,2020-03-15T22:12:28.000+0000,,,6,321,a010R00000858yTQAQ,2020-03-09
a000R0000030Iy9QAE,0050R000004W5kqQAC,,000250,2020-03-15T22:12:28.000+0000,0050R000004W5kqQAC,2020-03-15T22:12:28.000+0000,0050R000004W5kqQAC,2020-03-15T22:12:28.000+0000,,,5,351,a010R00000858yTQAQ,2020-03-10
a000R0000030IyAQAU,0050R000004W5kqQAC,,000251,2020-03-15T22:12:28.000+0000,0050R000004W5kqQAC,2020-03-15T22:12:28.000+0000,0050R000004W5kqQAC,2020-03-15T22:12:28.000+0000,,,4,349,a010R00000858yTQAQ,2020-03-11
a000R0000030IyBQAU,0050R000004W5kqQAC,,000252,2020-03-15T22:12:28.000+0000,0050R000004W5kqQAC,2020-03-15T22:12:28.000+0000,0050R000004W5kqQAC,2020-03-15T22:12:28.000+0000,,,3,315,a010R00000858yTQAQ,2020-03-12
a000R0000030IyCQAU,0050R000004W5kqQAC,,000253,2020-03-15T22:12:28.000+0000,0050R000004W5kqQAC,2020-03-15T22:12:28.000+0000,0050R000004W5kqQAC,2020-03-15T22:12:28.000+0000,,,2,317,a010R00000858yTQAQ,2020-03-13
a000R0000030IyDQAU,0050R000004W5kqQAC,,000254,2020-03-15T22:12:28.000+0000,0050R000004W5kqQAC,2020-03-15T22:12:28.000+0000,0050R000004W5kqQAC,2020-03-15T22:12:28.000+0000,,,1,343,a010R00000858yTQAQ,2020-03-14
a000R0000030IyEQAU,0050R000004W5kqQAC,,000255,2020-03-15T22:12:28.000+0000,0050R000004W5kqQAC,2020-03-15T22:12:28.000+0000,0050R000004W5kqQAC,2020-03-15T22:12:28.000+0000,,,0,379,a010R00000858yTQAQ,2020-03-15
a000R0000030IyFQAU,0050R000004W5kqQAC,,000256,2020-03-15T22:12:28.000+0000,0050R000004W5kqQAC,2020-03-15T22:12:28.000+0000,0050R000004W5kqQAC,2020-03-15T22:12:28.000+0000,,,15,312,a010R00000858yUQAQ,2020-02-29
a000R0000030IyGQAU,0050R000004W5kqQAC,,000257,2020-03-15T22:12:28.000+0000,0050R000004W5kqQAC,2020-03-15T22:12:28.000+0000,0050R000004W5kqQAC,2020-03-15T22:12:28.000+0000,,,14,315,a010R00000858yUQAQ,2020-03-01
a000R0000030IyHQAU,0050R000004W5kqQAC,,000258,2020-03-15T22:12:28.000+0000,0050R000004W5kqQAC,2020-03-15T22:12:28.000+0000,0050R000004W5kqQAC,2020-03-15T22:12:28.000+0000,,,13,340,a010R00000858yUQAQ,2020-03-02
a000R0000030IyIQAU,0050R000004W5kqQAC,,000259,2020-03-15T22:12:28.000+0000,0050R000004W5kqQAC,2020-03-15T22:12:28.000+0000,0050R000004W5kqQAC,2020-03-15T22:12:28.000+0000,,,12,340,a010R00000858yUQAQ,2020-03-03
a000R0000030IyJQAU,0050R000004W5kqQAC,,000260,2020-03-15T22:12:28.000+0000,0050R000004W5kqQAC,2020-03-15T22:12:28.000+0000,0050R000004W5kqQAC,2020-03-15T22:12:28.000+0000,,,11,384,a010R00000858yUQAQ,2020-03-04
a000R0000030IyKQAU,0050R000004W5kqQAC,,000261,2020-03-15T22:12:28.000+0000,0050R000004W5kqQAC,2020-03-15T22:12:28.000+0000,0050R000004W5kqQAC,2020-03-15T22:12:28.000+0000,,,10,373,a010R00000858yUQAQ,2020-03-05
a000R0000030IyLQAU,0050R000004W5kqQAC,,000262,2020-03-15T22:12:28.000+0000,0050R000004W5kqQAC,2020-03-15T22:12:28.000+0000,0050R000004W5kqQAC,2020-03-15T22:12:28.000+0000,,,9,305,a010R00000858yUQAQ,2020-03-06
a000R0000030IyMQAU,0050R000004W5kqQAC,,000263,2020-03-15T22:12:28.000+0000,0050R000004W5kqQAC,2020-03-15T22:12:28.000+0000,0050R000004W5kqQAC,2020-03-15T22:12:28.000+0000,,,8,339,a010R00000858yUQAQ,2020-03-07
a000R0000030IyNQAU,0050R000004W5kqQAC,,000264,2020-03-15T22:12:28.000+0000,0050R000004W5kqQAC,2020-03-15T22:12:28.000+0000,0050R000004W5kqQAC,2020-03-15T22:12:28.000+0000,,,7,305,a010R00000858yUQAQ,2020-03-08
a000R0000030IyOQAU,0050R000004W5kqQAC,,000265,2020-03-15T22:12:28.000+0000,0050R000004W5kqQAC,2020-03-15T22:12:28.000+0000,0050R000004W5kqQAC,2020-03-15T22:12:28.000+0000,,,6,378,a010R00000858yUQAQ,2020-03-09
a000R0000030IyPQAU,0050R000004W5kqQAC,,000266,2020-03-15T22:12:28.000+0000,0050R000004W5kqQAC,2020-03-15T22:12:28.000+0000,0050R000004W5kqQAC,2020-03-15T22:12:28.000+0000,,,5,383,a010R00000858yUQAQ,2020-03-10
a000R0000030IyQQAU,0050R000004W5kqQAC,,000267,2020-03-15T22:12:28.000+0000,0050R000004W5kqQAC,2020-03-15T22:12:28.000+0000,0050R000004W5kqQAC,2020-03-15T22:12:28.000+0000,,,4,306,a010R00000858yUQAQ,2020-03-11
a000R0000030IyRQAU,0050R000004W5kqQAC,,000268,2020-03-15T22:12:28.000+0000,0050R000004W5kqQAC,2020-03-15T22:12:28.000+0000,0050R000004W5kqQAC,2020-03-15T22:12:28.000+0000,,,3,394,a010R00000858yUQAQ,2020-03-12
a000R0000030IySQAU,0050R000004W5kqQAC,,000269,2020-03-15T22:12:28.000+0000,0050R000004W5kqQAC,2020-03-15T22:12:28.000+0000,0050R000004W5kqQAC,2020-03-15T22:12:28.000+0000,,,2,371,a010R00000858yUQAQ,2020-03-13
a000R0000030IyTQAU,0050R000004W5kqQAC,,000270,2020-03-15T22:12:28.000+0000,0050R000004W5kqQAC,2020-03-15T22:12:28.000+0000,0050R000004W5kqQAC,2020-03-15T22:12:28.000+0000,,,1,381,a010R00000858yUQAQ,2020-03-14
a000R0000030IyUQAU,0050R000004W5kqQAC,,000271,2020-03-15T22:12:28.000+0000,0050R000004W5kqQAC,2020-03-15T22:12:28.000+0000,0050R000004W5kqQAC,2020-03-15T22:12:28.000+0000,,,0,370,a010R00000858yUQAQ,2020-03-15
a000R0000030IyVQAU,0050R000004W5kqQAC,,000272,2020-03-15T22:12:28.000+0000,0050R000004W5kqQAC,2020-03-15T22:12:28.000+0000,0050R000004W5kqQAC,2020-03-15T22:12:28.000+0000,,,15,356,a010R00000858yVQAQ,2020-02-29
a000R0000030IyWQAU,0050R000004W5kqQAC,,000273,2020-03-15T22:12:28.000+0000,0050R000004W5kqQAC,2020-03-15T22:12:28.000+0000,0050R000004W5kqQAC,2020-03-15T22:12:28.000+0000,,,14,334,a010R00000858yVQAQ,2020-03-01
a000R0000030IyXQAU,0050R000004W5kqQAC,,000274,2020-03-15T22:12:28.000+0000,0050R000004W5kqQAC,2020-03-15T22:12:28.000+0000,0050R000004W5kqQAC,2020-03-15T22:12:28.000+0000,,,13,364,a010R00000858yVQAQ,2020-03-02
a000R0000030IyYQAU,0050R000004W5kqQAC,,000275,2020-03-15T22:12:28.000+0000,0050R000004W5kqQAC,2020-03-15T22:12:28.000+0000,0050R000004W5kqQAC,2020-03-15T22:12:28.000+0000,,,12,353,a010R00000858yVQAQ,2020-03-03
a000R0000030IyZQAU,0050R000004W5kqQAC,,000276,2020-03-15T22:12:28.000+0000,0050R000004W5kqQAC,2020-03-15T22:12:28.000+0000,0050R000004W5kqQAC,2020-03-15T22:12:28.000+0000,,,11,342,a010R00000858yVQAQ,2020-03-04
a000R0000030IyaQAE,0050R000004W5kqQAC,,000277,2020-03-15T22:12:28.000+0000,0050R000004W5kqQAC,2020-03-15T22:12:28.000+0000,0050R000004W5kqQAC,2020-03-15T22:12:28.000+0000,,,10,374,a010R00000858yVQAQ,2020-03-05
a000R0000030IybQAE,0050R000004W5kqQAC,,000278,2020-03-15T22:12:28.000+0000,0050R000004W5kqQAC,2020-03-15T22:12:28.000+0000,0050R000004W5kqQAC,2020-03-15T22:12:28.000+0000,,,9,329,a010R00000858yVQAQ,2020-03-06
a000R0000030IycQAE,0050R000004W5kqQAC,,000279,2020-03-15T22:12:28.000+0000,0050R000004W5kqQAC,2020-03-15T22:12:28.000+0000,0050R000004W5kqQAC,2020-03-15T22:12:28.000+0000,,,8,314,a010R00000858yVQAQ,2020-03-07
a000R0000030IydQAE,0050R000004W5kqQAC,,000280,2020-03-15T22:12:28.000+0000,0050R000004W5kqQAC,2020-03-15T22:12:28.000+0000,0050R000004W5kqQAC,2020-03-15T22:12:28.000+0000,,,7,328,a010R00000858yVQAQ,2020-03-08
a000R0000030IyeQAE,0050R000004W5kqQAC,,000281,2020-03-15T22:12:28.000+0000,0050R000004W5kqQAC,2020-03-15T22:12:28.000+0000,0050R000004W5kqQAC,2020-03-15T22:12:28.000+0000,,,6,356,a010R00000858yVQAQ,2020-03-09
a000R0000030IyfQAE,0050R000004W5kqQAC,,000282,2020-03-15T22:12:28.000+0000,0050R000004W5kqQAC,2020-03-15T22:12:28.000+0000,0050R000004W5kqQAC,2020-03-15T22:12:28.000+0000,,,5,325,a010R00000858yVQAQ,2020-03-10
a000R0000030IygQAE,0050R000004W5kqQAC,,000283,2020-03-15T22:12:28.000+0000,0050R000004W5kqQAC,2020-03-15T22:12:28.000+0000,0050R000004W5kqQAC,2020-03-15T22:12:28.000+0000,,,4,361,a010R00000858yVQAQ,2020-03-11
a000R0000030IyhQAE,0050R000004W5kqQAC,,000284,2020-03-15T22:12:28.000+0000,0050R000004W5kqQAC,2020-03-15T22:12:28.000+0000,0050R000004W5kqQAC,2020-03-15T22:12:28.000+0000,,,3,381,a010R00000858yVQAQ,2020-03-12
a000R0000030IyiQAE,0050R000004W5kqQAC,,000285,2020-03-15T22:12:28.000+0000,0050R000004W5kqQAC,2020-03-15T22:12:28.000+0000,0050R000004W5kqQAC,2020-03-15T22:12:28.000+0000,,,2,372,a010R00000858yVQAQ,2020-03-13
a000R0000030IyjQAE,0050R000004W5kqQAC,,000286,2020-03-15T22:12:28.000+0000,0050R000004W5kqQAC,2020-03-15T22:12:28.000+0000,0050R000004W5kqQAC,2020-03-15T22:12:28.000+0000,,,1,306,a010R00000858yVQAQ,2020-03-14
a000R0000030IykQAE,0050R000004W5kqQAC,,000287,2020-03-15T22:12:28.000+0000,0050R000004W5kqQAC,2020-03-15T22:12:28.000+0000,0050R000004W5kqQAC,2020-03-15T22:12:28.000+0000,,,0,360,a010R00000858yVQAQ,2020-03-15
a000R0000030IylQAE,0050R000004W5kqQAC,,000288,2020-03-15T22:12:29.000+0000,0050R000004W5kqQAC,2020-03-15T22:12:29.000+0000,0050R000004W5kqQAC,2020-03-15T22:12:29.000+0000,,,15,303,a010R00000858yWQAQ,2020-02-29
a000R0000030IymQAE,0050R000004W5kqQAC,,000289,2020-03-15T22:12:29.000+0000,0050R000004W5kqQAC,2020-03-15T22:12:29.000+0000,0050R000004W5kqQAC,2020-03-15T22:12:29.000+0000,,,14,365,a010R00000858yWQAQ,2020-03-01
a000R0000030IynQAE,0050R000004W5kqQAC,,000290,2020-03-15T22:12:29.000+0000,0050R000004W5kqQAC,2020-03-15T22:12:29.000+0000,0050R000004W5kqQAC,2020-03-15T22:12:29.000+0000,,,13,354,a010R00000858yWQAQ,2020-03-02
a000R0000030IyoQAE,0050R000004W5kqQAC,,000291,2020-03-15T22:12:29.000+0000,0050R000004W5kqQAC,2020-03-15T22:12:29.000+0000,0050R000004W5kqQAC,2020-03-15T22:12:29.000+0000,,,12,317,a010R00000858yWQAQ,2020-03-03
a000R0000030IypQAE,0050R000004W5kqQAC,,000292,2020-03-15T22:12:29.000+0000,0050R000004W5kqQAC,2020-03-15T22:12:29.000+0000,0050R000004W5kqQAC,2020-03-15T22:12:29.000+0000,,,11,398,a010R00000858yWQAQ,2020-03-04
a000R0000030IyqQAE,0050R000004W5kqQAC,,000293,2020-03-15T22:12:29.000+0000,0050R000004W5kqQAC,2020-03-15T22:12:29.000+0000,0050R000004W5kqQAC,2020-03-15T22:12:29.000+0000,,,10,360,a010R00000858yWQAQ,2020-03-05
a000R0000030IyrQAE,0050R000004W5kqQAC,,000294,2020-03-15T22:12:29.000+0000,0050R000004W5kqQAC,2020-03-15T22:12:29.000+0000,0050R000004W5kqQAC,2020-03-15T22:12:29.000+0000,,,9,381,a010R00000858yWQAQ,2020-03-06
a000R0000030IysQAE,0050R000004W5kqQAC,,000295,2020-03-15T22:12:29.000+0000,0050R000004W5kqQAC,2020-03-15T22:12:29.000+0000,0050R000004W5kqQAC,2020-03-15T22:12:29.000+0000,,,8,321,a010R00000858yWQAQ,2020-03-07
a000R0000030IytQAE,0050R000004W5kqQAC,,000296,2020-03-15T22:12:29.000+0000,0050R000004W5kqQAC,2020-03-15T22:12:29.000+0000,0050R000004W5kqQAC,2020-03-15T22:12:29.000+0000,,,7,397,a010R00000858yWQAQ,2020-03-08
a000R0000030IyuQAE,0050R000004W5kqQAC,,000297,2020-03-15T22:12:29.000+0000,0050R000004W5kqQAC,2020-03-15T22:12:29.000+0000,0050R000004W5kqQAC,2020-03-15T22:12:29.000+0000,,,6,325,a010R00000858yWQAQ,2020-03-09
a000R0000030IyvQAE,0050R000004W5kqQAC,,000298,2020-03-15T22:12:29.000+0000,0050R000004W5kqQAC,2020-03-15T22:12:29.000+0000,0050R000004W5kqQAC,2020-03-15T22:12:29.000+0000,,,5,368,a010R00000858yWQAQ,2020-03-10
a000R0000030IywQAE,0050R000004W5kqQAC,,000299,2020-03-15T22:12:29.000+0000,0050R000004W5kqQAC,2020-03-15T22:12:29.000+0000,0050R000004W5kqQAC,2020-03-15T22:12:29.000+0000,,,4,369,a010R00000858yWQAQ,2020-03-11
a000R0000030IyxQAE,0050R000004W5kqQAC,,000300,2020-03-15T22:12:29.000+0000,0050R000004W5kqQAC,2020-03-15T22:12:29.000+0000,0050R000004W5kqQAC,2020-03-15T22:12:29.000+0000,,,3,398,a010R00000858yWQAQ,2020-03-12
a000R0000030IyyQAE,0050R000004W5kqQAC,,000301,2020-03-15T22:12:29.000+0000,0050R000004W5kqQAC,2020-03-15T22:12:29.000+0000,0050R000004W5kqQAC,2020-03-15T22:12:29.000+0000,,,2,384,a010R00000858yWQAQ,2020-03-13
a000R0000030IyzQAE,0050R000004W5kqQAC,,000302,2020-03-15T22:12:29.000+0000,0050R000004W5kqQAC,2020-03-15T22:12:29.000+0000,0050R000004W5kqQAC,2020-03-15T22:12:29.000+0000,,,1,389,a010R00000858yWQAQ,2020-03-14
a000R0000030Iz0QAE,0050R000004W5kqQAC,,000303,2020-03-15T22:12:29.000+0000,0050R000004W5kqQAC,2020-03-15T22:12:29.000+0000,0050R000004W5kqQAC,2020-03-15T22:12:29.000+0000,,,0,347,a010R00000858yWQAQ,2020-03-15
a000R0000030Iz1QAE,0050R000004W5kqQAC,,000304,2020-03-15T22:12:29.000+0000,0050R000004W5kqQAC,2020-03-15T22:12:29.000+0000,0050R000004W5kqQAC,2020-03-15T22:12:29.000+0000,,,15,398,a010R00000858yXQAQ,2020-02-29
a000R0000030Iz2QAE,0050R000004W5kqQAC,,000305,2020-03-15T22:12:29.000+0000,0050R000004W5kqQAC,2020-03-15T22:12:29.000+0000,0050R000004W5kqQAC,2020-03-15T22:12:29.000+0000,,,14,341,a010R00000858yXQAQ,2020-03-01
a000R0000030Iz3QAE,0050R000004W5kqQAC,,000306,2020-03-15T22:12:29.000+0000,0050R000004W5kqQAC,2020-03-15T22:12:29.000+0000,0050R000004W5kqQAC,2020-03-15T22:12:29.000+0000,,,13,320,a010R00000858yXQAQ,2020-03-02
a000R0000030Iz4QAE,0050R000004W5kqQAC,,000307,2020-03-15T22:12:29.000+0000,0050R000004W5kqQAC,2020-03-15T22:12:29.000+0000,0050R000004W5kqQAC,2020-03-15T22:12:29.000+0000,,,12,311,a010R00000858yXQAQ,2020-03-03
a000R0000030Iz5QAE,0050R000004W5kqQAC,,000308,2020-03-15T22:12:29.000+0000,0050R000004W5kqQAC,2020-03-15T22:12:29.000+0000,0050R000004W5kqQAC,2020-03-15T22:12:29.000+0000,,,11,361,a010R00000858yXQAQ,2020-03-04
a000R0000030Iz6QAE,0050R000004W5kqQAC,,000309,2020-03-15T22:12:29.000+0000,0050R000004W5kqQAC,2020-03-15T22:12:29.000+0000,0050R000004W5kqQAC,2020-03-15T22:12:29.000+0000,,,10,366,a010R00000858yXQAQ,2020-03-05
a000R0000030Iz7QAE,0050R000004W5kqQAC,,000310,2020-03-15T22:12:29.000+0000,0050R000004W5kqQAC,2020-03-15T22:12:29.000+0000,0050R000004W5kqQAC,2020-03-15T22:12:29.000+0000,,,9,331,a010R00000858yXQAQ,2020-03-06
a000R0000030Iz8QAE,0050R000004W5kqQAC,,000311,2020-03-15T22:12:29.000+0000,0050R000004W5kqQAC,2020-03-15T22:12:29.000+0000,0050R000004W5kqQAC,2020-03-15T22:12:29.000+0000,,,8,314,a010R00000858yXQAQ,2020-03-07
a000R0000030Iz9QAE,0050R000004W5kqQAC,,000312,2020-03-15T22:12:29.000+0000,0050R000004W5kqQAC,2020-03-15T22:12:29.000+0000,0050R000004W5kqQAC,2020-03-15T22:12:29.000+0000,,,7,310,a010R00000858yXQAQ,2020-03-08
a000R0000030IzAQAU,0050R000004W5kqQAC,,000313,2020-03-15T22:12:29.000+0000,0050R000004W5kqQAC,2020-03-15T22:12:29.000+0000,0050R000004W5kqQAC,2020-03-15T22:12:29.000+0000,,,6,342,a010R00000858yXQAQ,2020-03-09
a000R0000030IzBQAU,0050R000004W5kqQAC,,000314,2020-03-15T22:12:29.000+0000,0050R000004W5kqQAC,2020-03-15T22:12:29.000+0000,0050R000004W5kqQAC,2020-03-15T22:12:29.000+0000,,,5,312,a010R00000858yXQAQ,2020-03-10
a000R0000030IzCQAU,0050R000004W5kqQAC,,000315,2020-03-15T22:12:29.000+0000,0050R000004W5kqQAC,2020-03-15T22:12:29.000+0000,0050R000004W5kqQAC,2020-03-15T22:12:29.000+0000,,,4,384,a010R00000858yXQAQ,2020-03-11
a000R0000030IzDQAU,0050R000004W5kqQAC,,000316,2020-03-15T22:12:29.000+0000,0050R000004W5kqQAC,2020-03-15T22:12:29.000+0000,0050R000004W5kqQAC,2020-03-15T22:12:29.000+0000,,,3,391,a010R00000858yXQAQ,2020-03-12
a000R0000030IzEQAU,0050R000004W5kqQAC,,000317,2020-03-15T22:12:29.000+0000,0050R000004W5kqQAC,2020-03-15T22:12:29.000+0000,0050R000004W5kqQAC,2020-03-15T22:12:29.000+0000,,,2,392,a010R00000858yXQAQ,2020-03-13
a000R0000030IzFQAU,0050R000004W5kqQAC,,000318,2020-03-15T22:12:29.000+0000,0050R000004W5kqQAC,2020-03-15T22:12:29.000+0000,0050R000004W5kqQAC,2020-03-15T22:12:29.000+0000,,,1,316,a010R00000858yXQAQ,2020-03-14
a000R0000030IzGQAU,0050R000004W5kqQAC,,000319,2020-03-15T22:12:29.000+0000,0050R000004W5kqQAC,2020-03-15T22:12:29.000+0000,0050R000004W5kqQAC,2020-03-15T22:12:29.000+0000,,,0,338,a010R00000858yXQAQ,2020-03-15
a000R0000030IzHQAU,0050R000004W5kqQAC,,000320,2020-03-15T22:12:29.000+0000,0050R000004W5kqQAC,2020-03-15T22:12:29.000+0000,0050R000004W5kqQAC,2020-03-15T22:12:29.000+0000,,,15,367,a010R00000858yYQAQ,2020-02-29
a000R0000030IzIQAU,0050R000004W5kqQAC,,000321,2020-03-15T22:12:29.000+0000,0050R000004W5kqQAC,2020-03-15T22:12:29.000+0000,0050R000004W5kqQAC,2020-03-15T22:12:29.000+0000,,,14,381,a010R00000858yYQAQ,2020-03-01
a000R0000030Iu7QAE,0050R000004W5kqQAC,,000000,2020-03-15T22:12:28.000+0000,0050R000004W5kqQAC,2020-03-15T22:12:28.000+0000,0050R000004W5kqQAC,2020-03-15T22:12:28.000+0000,,,15,340,a010R00000858yEQAQ,2020-02-29
a000R0000030Iu8QAE,0050R000004W5kqQAC,,000001,2020-03-15T22:12:28.000+0000,0050R000004W5kqQAC,2020-03-15T22:12:28.000+0000,0050R000004W5kqQAC,2020-03-15T22:12:28.000+0000,,,14,400,a010R00000858yEQAQ,2020-03-01
a000R0000030Iu9QAE,0050R000004W5kqQAC,,000002,2020-03-15T22:12:28.000+0000,0050R000004W5kqQAC,2020-03-15T22:12:28.000+0000,0050R000004W5kqQAC,2020-03-15T22:12:28.000+0000,,,13,389,a010R00000858yEQAQ,2020-03-02
a000R0000030IuAQAU,0050R000004W5kqQAC,,000003,2020-03-15T22:12:28.000+0000,0050R000004W5kqQAC,2020-03-15T22:12:28.000+0000,0050R000004W5kqQAC,2020-03-15T22:12:28.000+0000,,,12,394,a010R00000858yEQAQ,2020-03-03
a000R0000030IuBQAU,0050R000004W5kqQAC,,000004,2020-03-15T22:12:28.000+0000,0050R000004W5kqQAC,2020-03-15T22:12:28.000+0000,0050R000004W5kqQAC,2020-03-15T22:12:28.000+0000,,,11,335,a010R00000858yEQAQ,2020-03-04
a000R0000030IuCQAU,0050R000004W5kqQAC,,000005,2020-03-15T22:12:28.000+0000,0050R000004W5kqQAC,2020-03-15T22:12:28.000+0000,0050R000004W5kqQAC,2020-03-15T22:12:28.000+0000,,,10,301,a010R00000858yEQAQ,2020-03-05
a000R0000030IzJQAU,0050R000004W5kqQAC,,000322,2020-03-15T22:12:29.000+0000,0050R000004W5kqQAC,2020-03-15T22:12:29.000+0000,0050R000004W5kqQAC,2020-03-15T22:12:29.000+0000,,,13,330,a010R00000858yYQAQ,2020-03-02
a000R0000030IzKQAU,0050R000004W5kqQAC,,000323,2020-03-15T22:12:29.000+0000,0050R000004W5kqQAC,2020-03-15T22:12:29.000+0000,0050R000004W5kqQAC,2020-03-15T22:12:29.000+0000,,,12,322,a010R00000858yYQAQ,2020-03-03
a000R0000030IzLQAU,0050R000004W5kqQAC,,000324,2020-03-15T22:12:29.000+0000,0050R000004W5kqQAC,2020-03-15T22:12:29.000+0000,0050R000004W5kqQAC,2020-03-15T22:12:29.000+0000,,,11,391,a010R00000858yYQAQ,2020-03-04
a000R0000030IzMQAU,0050R000004W5kqQAC,,000325,2020-03-15T22:12:29.000+0000,0050R000004W5kqQAC,2020-03-15T22:12:29.000+0000,0050R000004W5kqQAC,2020-03-15T22:12:29.000+0000,,,10,336,a010R00000858yYQAQ,2020-03-05
a000R0000030IzNQAU,0050R000004W5kqQAC,,000326,2020-03-15T22:12:29.000+0000,0050R000004W5kqQAC,2020-03-15T22:12:29.000+0000,0050R000004W5kqQAC,2020-03-15T22:12:29.000+0000,,,9,320,a010R00000858yYQAQ,2020-03-06
a000R0000030IzOQAU,0050R000004W5kqQAC,,000327,2020-03-15T22:12:29.000+0000,0050R000004W5kqQAC,2020-03-15T22:12:29.000+0000,0050R000004W5kqQAC,2020-03-15T22:12:29.000+0000,,,8,368,a010R00000858yYQAQ,2020-03-07
a000R0000030IzPQAU,0050R000004W5kqQAC,,000328,2020-03-15T22:12:29.000+0000,0050R000004W5kqQAC,2020-03-15T22:12:29.000+0000,0050R000004W5kqQAC,2020-03-15T22:12:29.000+0000,,,7,318,a010R00000858yYQAQ,2020-03-08
a000R0000030IzQQAU,0050R000004W5kqQAC,,000329,2020-03-15T22:12:29.000+0000,0050R000004W5kqQAC,2020-03-15T22:12:29.000+0000,0050R000004W5kqQAC,2020-03-15T22:12:29.000+0000,,,6,304,a010R00000858yYQAQ,2020-03-09
a000R0000030IzRQAU,0050R000004W5kqQAC,,000330,2020-03-15T22:12:29.000+0000,0050R000004W5kqQAC,2020-03-15T22:12:29.000+0000,0050R000004W5kqQAC,2020-03-15T22:12:29.000+0000,,,5,355,a010R00000858yYQAQ,2020-03-10
a000R0000030IzSQAU,0050R000004W5kqQAC,,000331,2020-03-15T22:12:29.000+0000,0050R000004W5kqQAC,2020-03-15T22:12:29.000+0000,0050R000004W5kqQAC,2020-03-15T22:12:29.000+0000,,,4,356,a010R00000858yYQAQ,2020-03-11
a000R0000030IzTQAU,0050R000004W5kqQAC,,000332,2020-03-15T22:12:29.000+0000,0050R000004W5kqQAC,2020-03-15T22:12:29.000+0000,0050R000004W5kqQAC,2020-03-15T22:12:29.000+0000,,,3,365,a010R00000858yYQAQ,2020-03-12
a000R0000030IzUQAU,0050R000004W5kqQAC,,000333,2020-03-15T22:12:29.000+0000,0050R000004W5kqQAC,2020-03-15T22:12:29.000+0000,0050R000004W5kqQAC,2020-03-15T22:12:29.000+0000,,,2,341,a010R00000858yYQAQ,2020-03-13
a000R0000030IzVQAU,0050R000004W5kqQAC,,000334,2020-03-15T22:12:29.000+0000,0050R000004W5kqQAC,2020-03-15T22:12:29.000+0000,0050R000004W5kqQAC,2020-03-15T22:12:29.000+0000,,,1,339,a010R00000858yYQAQ,2020-03-14
a000R0000030IzWQAU,0050R000004W5kqQAC,,000335,2020-03-15T22:12:29.000+0000,0050R000004W5kqQAC,2020-03-15T22:12:29.000+0000,0050R000004W5kqQAC,2020-03-15T22:12:29.000+0000,,,0,302,a010R00000858yYQAQ,2020-03-15
a000R0000030IuDQAU,0050R000004W5kqQAC,,000006,2020-03-15T22:12:28.000+0000,0050R000004W5kqQAC,2020-03-15T22:12:28.000+0000,0050R000004W5kqQAC,2020-03-15T22:12:28.000+0000,,,9,371,a010R00000858yEQAQ,2020-03-06
a000R0000030IuEQAU,0050R000004W5kqQAC,,000007,2020-03-15T22:12:28.000+0000,0050R000004W5kqQAC,2020-03-15T22:12:28.000+0000,0050R000004W5kqQAC,2020-03-15T22:12:28.000+0000,,,8,315,a010R00000858yEQAQ,2020-03-07
a000R0000030IuFQAU,0050R000004W5kqQAC,,000008,2020-03-15T22:12:28.000+0000,0050R000004W5kqQAC,2020-03-15T22:12:28.000+0000,0050R000004W5kqQAC,2020-03-15T22:12:28.000+0000,,,7,392,a010R00000858yEQAQ,2020-03-08
a000R0000030IuGQAU,0050R000004W5kqQAC,,000009,2020-03-15T22:12:28.000+0000,0050R000004W5kqQAC,2020-03-15T22:12:28.000+0000,0050R000004W5kqQAC,2020-03-15T22:12:28.000+0000,,,6,320,a010R00000858yEQAQ,2020-03-09
a000R0000030IuHQAU,0050R000004W5kqQAC,,000010,2020-03-15T22:12:28.000+0000,0050R000004W5kqQAC,2020-03-15T22:12:28.000+0000,0050R000004W5kqQAC,2020-03-15T22:12:28.000+0000,,,5,382,a010R00000858yEQAQ,2020-03-10
a000R0000030IuIQAU,0050R000004W5kqQAC,,000011,2020-03-15T22:12:28.000+0000,0050R000004W5kqQAC,2020-03-15T22:12:28.000+0000,0050R000004W5kqQAC,2020-03-15T22:12:28.000+0000,,,4,399,a010R00000858yEQAQ,2020-03-11
a000R0000030IuJQAU,0050R000004W5kqQAC,,000012,2020-03-15T22:12:28.000+0000,0050R000004W5kqQAC,2020-03-15T22:12:28.000+0000,0050R000004W5kqQAC,2020-03-15T22:12:28.000+0000,,,3,366,a010R00000858yEQAQ,2020-03-12
a000R0000030IuKQAU,0050R000004W5kqQAC,,000013,2020-03-15T22:12:28.000+0000,0050R000004W5kqQAC,2020-03-15T22:12:28.000+0000,0050R000004W5kqQAC,2020-03-15T22:12:28.000+0000,,,2,381,a010R00000858yEQAQ,2020-03-13
a000R0000030IuLQAU,0050R000004W5kqQAC,,000014,2020-03-15T22:12:28.000+0000,0050R000004W5kqQAC,2020-03-15T22:12:28.000+0000,0050R000004W5kqQAC,2020-03-15T22:12:28.000+0000,,,1,399,a010R00000858yEQAQ,2020-03-14
a000R0000030IuMQAU,0050R000004W5kqQAC,,000015,2020-03-15T22:12:28.000+0000,0050R000004W5kqQAC,2020-03-15T22:12:28.000+0000,0050R000004W5kqQAC,2020-03-15T22:12:28.000+0000,,,0,321,a010R00000858yEQAQ,2020-03-15
a000R0000030IuNQAU,0050R000004W5kqQAC,,000016,2020-03-15T22:12:28.000+0000,0050R000004W5kqQAC,2020-03-15T22:12:28.000+0000,0050R000004W5kqQAC,2020-03-15T22:12:28.000+0000,,,15,325,a010R00000858yFQAQ,2020-02-29
a000R0000030IuOQAU,0050R000004W5kqQAC,,000017,2020-03-15T22:12:28.000+0000,0050R000004W5kqQAC,2020-03-15T22:12:28.000+0000,0050R000004W5kqQAC,2020-03-15T22:12:28.000+0000,,,14,331,a010R00000858yFQAQ,2020-03-01
a000R0000030IuPQAU,0050R000004W5kqQAC,,000018,2020-03-15T22:12:28.000+0000,0050R000004W5kqQAC,2020-03-15T22:12:28.000+0000,0050R000004W5kqQAC,2020-03-15T22:12:28.000+0000,,,13,382,a010R00000858yFQAQ,2020-03-02
a000R0000030IuQQAU,0050R000004W5kqQAC,,000019,2020-03-15T22:12:28.000+0000,0050R000004W5kqQAC,2020-03-15T22:12:28.000+0000,0050R000004W5kqQAC,2020-03-15T22:12:28.000+0000,,,12,332,a010R00000858yFQAQ,2020-03-03
a000R0000030IuRQAU,0050R000004W5kqQAC,,000020,2020-03-15T22:12:28.000+0000,0050R000004W5kqQAC,2020-03-15T22:12:28.000+0000,0050R000004W5kqQAC,2020-03-15T22:12:28.000+0000,,,11,308,a010R00000858yFQAQ,2020-03-04
a000R0000030IuSQAU,0050R000004W5kqQAC,,000021,2020-03-15T22:12:28.000+0000,0050R000004W5kqQAC,2020-03-15T22:12:28.000+0000,0050R000004W5kqQAC,2020-03-15T22:12:28.000+0000,,,10,373,a010R00000858yFQAQ,2020-03-05
a000R0000030IuTQAU,0050R000004W5kqQAC,,000022,2020-03-15T22:12:28.000+0000,0050R000004W5kqQAC,2020-03-15T22:12:28.000+0000,0050R000004W5kqQAC,2020-03-15T22:12:28.000+0000,,,9,332,a010R00000858yFQAQ,2020-03-06
a000R0000030IuUQAU,0050R000004W5kqQAC,,000023,2020-03-15T22:12:28.000+0000,0050R000004W5kqQAC,2020-03-15T22:12:28.000+0000,0050R000004W5kqQAC,2020-03-15T22:12:28.000+0000,,,8,385,a010R00000858yFQAQ,2020-03-07
a000R0000030IuVQAU,0050R000004W5kqQAC,,000024,2020-03-15T22:12:28.000+0000,0050R000004W5kqQAC,2020-03-15T22:12:28.000+0000,0050R000004W5kqQAC,2020-03-15T22:12:28.000+0000,,,7,361,a010R00000858yFQAQ,2020-03-08
a000R0000030IzXQAU,0050R000004W5kqQAC,,000336,2020-03-15T22:12:29.000+0000,0050R000004W5kqQAC,2020-03-15T22:12:29.000+0000,0050R000004W5kqQAC,2020-03-15T22:12:29.000+0000,,,15,384,a010R00000858yZQAQ,2020-02-29
a000R0000030IzYQAU,0050R000004W5kqQAC,,000337,2020-03-15T22:12:29.000+0000,0050R000004W5kqQAC,2020-03-15T22:12:29.000+0000,0050R000004W5kqQAC,2020-03-15T22:12:29.000+0000,,,14,327,a010R00000858yZQAQ,2020-03-01
a000R0000030IzZQAU,0050R000004W5kqQAC,,000338,2020-03-15T22:12:29.000+0000,0050R000004W5kqQAC,2020-03-15T22:12:29.000+0000,0050R000004W5kqQAC,2020-03-15T22:12:29.000+0000,,,13,316,a010R00000858yZQAQ,2020-03-02
a000R0000030IzaQAE,0050R000004W5kqQAC,,000339,2020-03-15T22:12:29.000+0000,0050R000004W5kqQAC,2020-03-15T22:12:29.000+0000,0050R000004W5kqQAC,2020-03-15T22:12:29.000+0000,,,12,345,a010R00000858yZQAQ,2020-03-03
a000R0000030IzbQAE,0050R000004W5kqQAC,,000340,2020-03-15T22:12:29.000+0000,0050R000004W5kqQAC,2020-03-15T22:12:29.000+0000,0050R000004W5kqQAC,2020-03-15T22:12:29.000+0000,,,11,350,a010R00000858yZQAQ,2020-03-04
a000R0000030IzcQAE,0050R000004W5kqQAC,,000341,2020-03-15T22:12:29.000+0000,0050R000004W5kqQAC,2020-03-15T22:12:29.000+0000,0050R000004W5kqQAC,2020-03-15T22:12:29.000+0000,,,10,369,a010R00000858yZQAQ,2020-03-05
a000R0000030IzdQAE,0050R000004W5kqQAC,,000342,2020-03-15T22:12:29.000+0000,0050R000004W5kqQAC,2020-03-15T22:12:29.000+0000,0050R000004W5kqQAC,2020-03-15T22:12:29.000+0000,,,9,371,a010R00000858yZQAQ,2020-03-06
a000R0000030IzeQAE,0050R000004W5kqQAC,,000343,2020-03-15T22:12:29.000+0000,0050R000004W5kqQAC,2020-03-15T22:12:29.000+0000,0050R000004W5kqQAC,2020-03-15T22:12:29.000+0000,,,8,301,a010R00000858yZQAQ,2020-03-07
a000R0000030IzfQAE,0050R000004W5kqQAC,,000344,2020-03-15T22:12:29.000+0000,0050R000004W5kqQAC,2020-03-15T22:12:29.000+0000,0050R000004W5kqQAC,2020-03-15T22:12:29.000+0000,,,7,391,a010R00000858yZQAQ,2020-03-08
a000R0000030IzgQAE,0050R000004W5kqQAC,,000345,2020-03-15T22:12:29.000+0000,0050R000004W5kqQAC,2020-03-15T22:12:29.000+0000,0050R000004W5kqQAC,2020-03-15T22:12:29.000+0000,,,6,376,a010R00000858yZQAQ,2020-03-09
a000R0000030IzhQAE,0050R000004W5kqQAC,,000346,2020-03-15T22:12:29.000+0000,0050R000004W5kqQAC,2020-03-15T22:12:29.000+0000,0050R000004W5kqQAC,2020-03-15T22:12:29.000+0000,,,5,327,a010R00000858yZQAQ,2020-03-10
a000R0000030IziQAE,0050R000004W5kqQAC,,000347,2020-03-15T22:12:29.000+0000,0050R000004W5kqQAC,2020-03-15T22:12:29.000+0000,0050R000004W5kqQAC,2020-03-15T22:12:29.000+0000,,,4,309,a010R00000858yZQAQ,2020-03-11
a000R0000030IzjQAE,0050R000004W5kqQAC,,000348,2020-03-15T22:12:29.000+0000,0050R000004W5kqQAC,2020-03-15T22:12:29.000+0000,0050R000004W5kqQAC,2020-03-15T22:12:29.000+0000,,,3,367,a010R00000858yZQAQ,2020-03-12
a000R0000030IzkQAE,0050R000004W5kqQAC,,000349,2020-03-15T22:12:29.000+0000,0050R000004W5kqQAC,2020-03-15T22:12:29.000+0000,0050R000004W5kqQAC,2020-03-15T22:12:29.000+0000,,,2,325,a010R00000858yZQAQ,2020-03-13
a000R0000030IzlQAE,0050R000004W5kqQAC,,000350,2020-03-15T22:12:29.000+0000,0050R000004W5kqQAC,2020-03-15T22:12:29.000+0000,0050R000004W5kqQAC,2020-03-15T22:12:29.000+0000,,,1,398,a010R00000858yZQAQ,2020-03-14
a000R0000030IzmQAE,0050R000004W5kqQAC,,000351,2020-03-15T22:12:29.000+0000,0050R000004W5kqQAC,2020-03-15T22:12:29.000+0000,0050R000004W5kqQAC,2020-03-15T22:12:29.000+0000,,,0,307,a010R00000858yZQAQ,2020-03-15
a000R0000030IznQAE,0050R000004W5kqQAC,,000352,2020-03-15T22:12:29.000+0000,0050R000004W5kqQAC,2020-03-15T22:12:29.000+0000,0050R000004W5kqQAC,2020-03-15T22:12:29.000+0000,,,15,376,a010R00000858yaQAA,2020-02-29
a000R0000030IzoQAE,0050R000004W5kqQAC,,000353,2020-03-15T22:12:29.000+0000,0050R000004W5kqQAC,2020-03-15T22:12:29.000+0000,0050R000004W5kqQAC,2020-03-15T22:12:29.000+0000,,,14,368,a010R00000858yaQAA,2020-03-01
a000R0000030IzpQAE,0050R000004W5kqQAC,,000354,2020-03-15T22:12:29.000+0000,0050R000004W5kqQAC,2020-03-15T22:12:29.000+0000,0050R000004W5kqQAC,2020-03-15T22:12:29.000+0000,,,13,307,a010R00000858yaQAA,2020-03-02
a000R0000030IzqQAE,0050R000004W5kqQAC,,000355,2020-03-15T22:12:29.000+0000,0050R000004W5kqQAC,2020-03-15T22:12:29.000+0000,0050R000004W5kqQAC,2020-03-15T22:12:29.000+0000,,,12,326,a010R00000858yaQAA,2020-03-03
a000R0000030IzrQAE,0050R000004W5kqQAC,,000356,2020-03-15T22:12:29.000+0000,0050R000004W5kqQAC,2020-03-15T22:12:29.000+0000,0050R000004W5kqQAC,2020-03-15T22:12:29.000+0000,,,11,320,a010R00000858yaQAA,2020-03-04
a000R0000030IzsQAE,0050R000004W5kqQAC,,000357,2020-03-15T22:12:29.000+0000,0050R000004W5kqQAC,2020-03-15T22:12:29.000+0000,0050R000004W5kqQAC,2020-03-15T22:12:29.000+0000,,,10,347,a010R00000858yaQAA,2020-03-05
a000R0000030IztQAE,0050R000004W5kqQAC,,000358,2020-03-15T22:12:29.000+0000,0050R000004W5kqQAC,2020-03-15T22:12:29.000+0000,0050R000004W5kqQAC,2020-03-15T22:12:29.000+0000,,,9,335,a010R00000858yaQAA,2020-03-06
a000R0000030IzuQAE,0050R000004W5kqQAC,,000359,2020-03-15T22:12:29.000+0000,0050R000004W5kqQAC,2020-03-15T22:12:29.000+0000,0050R000004W5kqQAC,2020-03-15T22:12:29.000+0000,,,8,325,a010R00000858yaQAA,2020-03-07
a000R0000030IzvQAE,0050R000004W5kqQAC,,000360,2020-03-15T22:12:29.000+0000,0050R000004W5kqQAC,2020-03-15T22:12:29.000+0000,0050R000004W5kqQAC,2020-03-15T22:12:29.000+0000,,,7,322,a010R00000858yaQAA,2020-03-08
a000R0000030IzwQAE,0050R000004W5kqQAC,,000361,2020-03-15T22:12:29.000+0000,0050R000004W5kqQAC,2020-03-15T22:12:29.000+0000,0050R000004W5kqQAC,2020-03-15T22:12:29.000+0000,,,6,310,a010R00000858yaQAA,2020-03-09
a000R0000030IzxQAE,0050R000004W5kqQAC,,000362,2020-03-15T22:12:29.000+0000,0050R000004W5kqQAC,2020-03-15T22:12:29.000+0000,0050R000004W5kqQAC,2020-03-15T22:12:29.000+0000,,,5,396,a010R00000858yaQAA,2020-03-10
a000R0000030IzyQAE,0050R000004W5kqQAC,,000363,2020-03-15T22:12:29.000+0000,0050R000004W5kqQAC,2020-03-15T22:12:29.000+0000,0050R000004W5kqQAC,2020-03-15T22:12:29.000+0000,,,4,331,a010R00000858yaQAA,2020-03-11
a000R0000030IzzQAE,0050R000004W5kqQAC,,000364,2020-03-15T22:12:29.000+0000,0050R000004W5kqQAC,2020-03-15T22:12:29.000+0000,0050R000004W5kqQAC,2020-03-15T22:12:29.000+0000,,,3,337,a010R00000858yaQAA,2020-03-12
a000R0000030J00QAE,0050R000004W5kqQAC,,000365,2020-03-15T22:12:29.000+0000,0050R000004W5kqQAC,2020-03-15T22:12:29.000+0000,0050R000004W5kqQAC,2020-03-15T22:12:29.000+0000,,,2,337,a010R00000858yaQAA,2020-03-13
a000R0000030J01QAE,0050R000004W5kqQAC,,000366,2020-03-15T22:12:29.000+0000,0050R000004W5kqQAC,2020-03-15T22:12:29.000+0000,0050R000004W5kqQAC,2020-03-15T22:12:29.000+0000,,,1,348,a010R00000858yaQAA,2020-03-14
a000R0000030J02QAE,0050R000004W5kqQAC,,000367,2020-03-15T22:12:29.000+0000,0050R000004W5kqQAC,2020-03-15T22:12:29.000+0000,0050R000004W5kqQAC,2020-03-15T22:12:29.000+0000,,,0,345,a010R00000858yaQAA,2020-03-15
a000R0000030J03QAE,0050R000004W5kqQAC,,000368,2020-03-15T22:12:29.000+0000,0050R000004W5kqQAC,2020-03-15T22:12:29.000+0000,0050R000004W5kqQAC,2020-03-15T22:12:29.000+0000,,,15,396,a010R00000858ybQAA,2020-02-29
a000R0000030J04QAE,0050R000004W5kqQAC,,000369,2020-03-15T22:12:29.000+0000,0050R000004W5kqQAC,2020-03-15T22:12:29.000+0000,0050R000004W5kqQAC,2020-03-15T22:12:29.000+0000,,,14,325,a010R00000858ybQAA,2020-03-01
a000R0000030J05QAE,0050R000004W5kqQAC,,000370,2020-03-15T22:12:29.000+0000,0050R000004W5kqQAC,2020-03-15T22:12:29.000+0000,0050R000004W5kqQAC,2020-03-15T22:12:29.000+0000,,,13,311,a010R00000858ybQAA,2020-03-02
a000R0000030J06QAE,0050R000004W5kqQAC,,000371,2020-03-15T22:12:29.000+0000,0050R000004W5kqQAC,2020-03-15T22:12:29.000+0000,0050R000004W5kqQAC,2020-03-15T22:12:29.000+0000,,,12,358,a010R00000858ybQAA,2020-03-03
a000R0000030J07QAE,0050R000004W5kqQAC,,000372,2020-03-15T22:12:29.000+0000,0050R000004W5kqQAC,2020-03-15T22:12:29.000+0000,0050R000004W5kqQAC,2020-03-15T22:12:29.000+0000,,,11,301,a010R00000858ybQAA,2020-03-04
a000R0000030J08QAE,0050R000004W5kqQAC,,000373,2020-03-15T22:12:29.000+0000,0050R000004W5kqQAC,2020-03-15T22:12:29.000+0000,0050R000004W5kqQAC,2020-03-15T22:12:29.000+0000,,,10,373,a010R00000858ybQAA,2020-03-05
a000R0000030J09QAE,0050R000004W5kqQAC,,000374,2020-03-15T22:12:29.000+0000,0050R000004W5kqQAC,2020-03-15T22:12:29.000+0000,0050R000004W5kqQAC,2020-03-15T22:12:29.000+0000,,,9,361,a010R00000858ybQAA,2020-03-06
